STuff1,Date,Stuff2,Stuff3,,,,,,
"Västergårde, Sundre parish, Gotland ",2006,,,,,,,,
,0,,,,,,,,
ABBASID,0,,,,,,,,
temp. al¬Saffah,0,,,,,,,,
1 Ab1 al¬Kufa ,134, 2.84 h ,233,,,,,,
,0,,,,,,,,
temp. al¬Mansur,0,,,,,,,,
2 Ab1 Madinat al¬Salam ,150,2.66,55,,,,,,
3 Ab1 Madinat al¬Salam ,1545, 1.38 f h ,702,,,,,,
,0,,,,,,,,
alMahdi,0,,,,,,,,
4 Ab1 Madinat al¬Salam ,15964, 0.99 f ,1179,,,,,,
,0,,,,,,,,
"temp. Harun al¬Rashid, issued by al¬Amin",0,,,,,,,,
5 Ab1 Madinat al¬Salam ,182, 1.41 f , 2h ,597,,,,,
,0,,,,,,,,
Harun al¬Rashid,0,,,,,,,,
6 Ab1 Madinat al¬Salam ,193,2.6,208,,,,,,
7 Ab1 Madinat Zaranj ,180, 1.28 f ,1183,,,,,,
,0,,,,,,,,
"temp. al¬Amin, issued by al¬Ma'mun",0,,,,,,,,
8 Ab1 Naysabur ,196, 0.70 f , 2n ,1209,,,,,
,0,,,,,,,,
alMa'mun,0,,,,,,,,
9 Ab1 Madinat al¬Salam ,20618, 0.92 f ,1140,,,,,,
,0,,,,,,,,
alMu`tasim,0,,,,,,,,
10 Ab2 Madinat al¬Salam ,219, 2.81 h ,88,,,,,,
11 Ab2 Samarqand ,221,2.85,207,,,,,,
,0,,,,,,,,
alMutawakkil,0,,,,,,,,
12 Ab2 Faris ,245,3,156,,,,,,
13 Ab2 Marw ,237,2.64,290,,,,,,
14 Ab2 Marw ,240,2.81,165,,,,,,
15 Ab2 Marw ,242, 2.72 f ,1250,,,,,,
16 Ab2 Marw ,245,2.81,40,,,,,,
17 Ab2 al¬Muhammadiyya ,241,3,484,,,,,,
18 Ab2 al¬Muhammadiyya ,242,2.89,477,,,,,,
19 Ab2 Samarqand ,245,2.89,607,,,,,,
20 Ab2 Samarqand ,246,2.68,483,,,,,,
21 Ab2 mint ,239,3.18,325,,,,,,
22 Ab2 mint ,23640,2.56,556,,,,,,
23 Ab2 mint ,243,2.98,194,,,,,,
24 Ab2 mint ,23346,3.1,465,,,,,,
25 Ab2 mint ,23346, 1.89 f ,800,,,,,,
26 Ab2 mint ,24046,2.75,101,,,,,,
27 Ab2 mint ,24046,2.68,230,,,,,,
28 Ab2 mint ,2406, 1.36 f ,691,,,,,,
29 Ab2 mint ,243,246, 1.52 f ,616,,,,,
,0,,,,,,,,
alMusta`in,0,,,,,,,,
30 Ab2 Marw ,248,2.97,34,,,,,,
31 Ab2 Marw ,24951,2.99,211,,,,,,
32 Ab2 Samarqand ,248,2.53,195,,,,,,
33 Ab2 alShash ,24951,2.8,35,,,,,,
34 Ab2 mint ,24951,3.15,406,,,,,,
35 Ab2 mint ,251,2.91,544,,,,,,
,0,,,,,,,,
alMu`tazz,0,,,,,,,,
36 Ab2 Arminiya ,252, 04/R02 ,2.8,193,,,,,
37 Ab2 Arminiya ,255, ,2.94,138,,,,,
38 Ab2 Isbahan ,252, 2.14 f ,859,,,,,,
39 Ab2 Samarqand ,253,2.56,206,,,,,,
40 Ab2 Samarqand ,253, 1.65 f , 1n ,639,,,,,
41 Ab2 Samarqand ,25255, 1.23 fh ,1059,,,,,,
42 Ab2 mint ,253,2.9,609,,,,,,
,0,,,,,,,,
caliph,0,,,,,,,,
43 Ab2 mint ,21955,3.35,613,,,,,,
44 Ab2 mint ,21955,3.24,410,,,,,,
45 Ab2 mint ,21955,3.18,111,,,,,,
46 Ab2 mint ,21955,2.91,444,,,,,,
47 Ab2 mint ,21955,2.84,606,,,,,,
48 Ab2 mint ,21955,2.84,608,,,,,,
49 Ab2 mint ,21955,2.76,364,,,,,,
50 Ab2 mint ,21955, 1.65 f ,879,,,,,,
51 Ab2 mint ,21955, 1.64 f ,1363,,,,,,
52 Ab2 mint ,21955,2.82,58,,,,,,
53 Ab2 mint ,21955, 1.29 f ,799,,,,,,
54 Ab2 mint ,25255, 2.96 g ,378,,,,,,
55 Ab2 mint ,25255,2.95,605,,,,,,
56 Ab2 mint ,25255, 2.82 g ,445,,,,,,
57 Ab2 mint ,2509," 250-1,256-9   ", 2.27 f ,899,,,,,
,0,,,,,,,,
alMu`tamid,0,,,,,,,,
58 Ab2 alAhwaz ,274, 3.29 g ,528,,,,,,
59 Ab2 Arminiya ,267, 01/R02 ,2.7,33,,,,,
60 Ab2 Isbahan ,257, 2.38 f ,1360,,,,,,
61 Ab2 Madinat al¬Salam ,259,3.05,127,,,,,,
62 Ab2 Samarqand ,279, 02/R01 ,2.87, 0415. Obv: al¬Mu`tadid billah caliph's son. Rev: al¬Mu`tamid `ala llah. No name of Samanid.,,,,,
63 Ab2 al¬Shash ,273, 2.50 f ,730,,,,,,
64 Ab2 mint ,265,3.15,324,,,,,,
65 Ab2 al¬   ,25679, 3.96 h ,577,,,,,,
,0,,,,,,,,
alMu`tadid,0,,,,,,,,
66 Ab3 al¬Ahwaz ,27989, 1.91 fg ,881,,,,,,
67 Ab3 Madinat al¬Salam ,283, 2.91 g ,437,,,,,,
68 Ab3 Madinat al¬Salam ,27989, 1.51 f ,959,,,,,,
69 Ab3 Madinat alSalam ,27989, 1.14 f ,850,,,,,,
70 Ab3 al¬Shash ,280, 01/R13 ,3.05, 0262. Lacking name of Samanid amir.,,,,,
71 Ab3 alShash ,280, 03/R05 , 1.74 f , 1170. No Sa amir,,,,,
72 Ab3 al¬Shash ,281, 08/R03 ,3.31, 0119. No Sa amir,,,,,
73 Ab3 al¬Shash ,281, 14/R07 ,3.8, 0038. No Sa amir,,,,,
,0,,,,,,,,
alMuktafi,0,,,,,,,,
74 Ab3 Andaraba ,291, 13/R15 ,2.87, 0550. Obv:--. Rev: al¬Muktafi billah/Abu lHusayn waliyy al¬Dawla; No name of the Samanid amir.,,,,,
75 Ab3 Nisibin ,292, 3.13 f h ,599,,,,,,
76 Ab3 mint ,28995,2.74,610,,,,,,
,0,,,,,,,,
alMuqtadir,0,,,,,,,,
77 Ab3 Faris ,299,3.1,345,,,,,,
78 Ab3 Isbahan ,0,3.06,555,,,,,,
79 Ab3 Madinat al¬Salam ,297320, 1.39 f ,710,,,,,,
80 Ab3 Shiraz ,302,3.26,1389,,,,,,
81 Ab3 Shiraz ,313, 1.67 f ,911,,,,,,
82 Ab3 Shiraz ,317, 1.30 f ,1021,,,,,,
83 Ab3 Shiraz ,318, 1.37 f ,1191,,,,,,
84 Ab3 Shiraz ,297320, 0.80 f ,1344,,,,,,
85 Ab3 Surra man ra'a ,297320, 1.21 f ,810,,,,,,
86 Ab3 Wasit ,29799, 1.91 f h ,598,,,,,,
87 Ab3 mint ,2959, 1.11 f ,871,,,,,,
88 Ab3 mint ,308, 1.22 f ,851,,,,,,
89 Ab3 mint ,313, 1.57 f ,860,,,,,,
90 Ab3 mint ,30020, 1.62 f ,1329,,,,,,
,0,,,,,,,,
alQahir,0,,,,,,,,
91 Ab3 Isbahan ,321,3.07,209,,,,,,
92 Ab3 Shiraz ,322,3.04, 0124. Obv: Abu lQasim b/amir al¬Mu'minin. Rev: al¬Qahir billah/alMuntaqim min a`da'/allah liDin al¬lah; Last Abbasid issue at Shiraz before the Buyids took over the mint in the same year.,,,,,,
93 Ab3 mint ,321,2.95,314,,,,,,
,0,,,,,,,,
alRadi,0,,,,,,,,
94 Ab3 alBasra ,322,3.09,365,,,,,,
95 Ab3 al¬Basra ,327,4.37,432,,,,,,
96 Ab3 AU Madinat al¬Salam ,329,2.86, 0558. Obv: Abu lFadl b/amir al¬Mu'minin. Rev: al¬Radi billah/Abu lHusayn Bajkam/mawlahu.,,,,,,
97 Ab3 Tustarmin al¬Ahwaz ,32229,3.46,203,,,,,,
98 Ab3 Wasit ,323,3.49,210,,,,,,
99 Ab3 Wasit ,323, 2.53 f ,731,,,,,,
100 Ab3 mint ,329, 2.61 e , 1039. Obv: Abu lHusayn Bajkam/ mawla amir al¬Mu'minin. Rev: al¬Radi billah.,,,,,,
,0,,,,,,,,
alMuttaqi,0,,,,,,,,
101 Ab3 al¬Basra ,330,3.85,538,,,,,,
102 Ab3 Ha Madinat al¬Salam ,331, 2.54 fg , 0771. Obv: Abu Mansur b/amir al¬Mu'minin/Sayf al¬Dawla/Abu lHasan. Rev: al¬Muttaqi lillah/Nasir al¬Dawla/Abu Muhammad.,,,,,,
103 Ab3 mint ,32933, 1.33 f ,1362,,,,,,
104 Ab3 mint ,32933, 1.31 f ,920,,,,,,
105 Ab3 mint ,3303, 1.16 f ,869,,,,,,
,0,,,,,,,,
caliph,0,,,,,,,,
106 Ab3 mint ,27999, 0.86 f ,1030,,,,,,
,0,,,,,,,,
HAMDANID,0,,,,,,,,
Sayf al¬Dawla & Nasir al¬Dawla,0,,,,,,,,
107 Ha al¬Mawsil ,337,3.52, 0482. Obv: Sayf al¬Dawla/Abu l Hasan. Rev: al¬Muti` lillah/Nasir al¬Dawla/Abu Muhammad.,,,,,,
,0,,,,,,,,
WAJIHID,0,,,,,,,,
Yusuf b. Wajih,0,,,,,,,,
108 Wa `Uman ,321, , 1.71 f , 1339. Obv: Yusuf b Wajih. Rev: al¬Qahir billah.,,,,,
,0,,,,,,,,
KHUJISTANID,0,,,,,,,,
Ahmad b. `Abdallah,0,,,,,,,,
109 Kj al¬ Naysabur/Harat ,2678, 2.66 f , 2h , 0600. Obv: al¬Wafiyy Ahmad b `Abdallah. Rev: al¬Mu`tamid `ala llah.,,,,,
,0,,,,,,,,
SAFFARID,0,,,,,,,,
`Amr b. al¬Layth,0,,,,,,,,
110 Sf1 Shiraz ,281, 3.17 g , 0346. Obv: `Amr b al¬Layth. Rev: al¬Mu`tadid billah.,,,,,,
,0,,,,,,,,
Tahir b. Muhammad,0,,,,,,,,
111 Sf1 Shiraz ,290, 1.01 f , 0703. Obv: Tahir b Muhammad. Rev: alMuktafi billah.,,,,,,
,0,,,,,,,,
Ahmad b. Muhammad,0,,,,,,,,
112 Sf2 Sijistan ,324, , 2.20 f , 0979. Obv: Abu Ja`far. Rev: al¬Radi billah/Ahmad b Muhammad.,,,,,
,0,,,,,,,,
BUWAYHID,0,,,,,,,,
`Imad al¬Dawla `Ali b Buya,0,,,,,,,,
113 Bw Arrajan ,324, 05/R01 , 1.29 f , 1153. Obv: `Ali b Buya. Rev: al¬Radi billah.,,,,,
114 Bw Arrajan ,327, 01/R02 ,3.54,226,,,,,
115 Bw Arrajan ,327, 01/Rnew , 2.19 f ,1340,,,,,
116 Bw Arrajan ,335, 02/Rnew ,3.56, 0056. Obv: `Imad al¬Dawla/ Abu lHasan. Rev: al¬Muti` lillah.,,,,,
117 Bw Arrajan ,336, 08/R06 , 2.21 f ,1199,,,,,
118 Bw Shiraz ,333, 03/R02 , 1.59 f , 0760. Obv: `Ali b Buya. Rev: al¬Muttaqi lillah.,,,,,
119 Bw mint `Askar min alAhwaz ,330, 1.45 f , 0804. Obv: Ahmad b Buya. Rev: alMuttaqi lillah/`Ali b Buya.,,,,,,
120 Bw alBasra ,332, 01/R04 ,5.44, 0453. Obv: Abu Mansur b/a al¬m old die. Rev: al¬Muti` lillah/`Imad al¬Dawla/Abu lHasan/Buya.,,,,,
121 Bw al¬Basra ,336,2.71, 0509. Obv: Mu`izz al¬Dawla/ Abu lHusayn/Buya. Rev: al¬Muti` lillah/`Imad al¬Dawla/Abu lHasan/Buya.,,,,,,
122 Bw al¬Basra ,337, 05/R02 ,3.09,402,,,,,
,0,,,,,,,,
Mu`izz al¬Dawla Abu lHusayn Ahmad,0,,,,,,,,
123 Bw Madinat al¬Salam ,339,3.21, 0462. Obv: Mu`izz al¬Dawla/Abu lHusayn/Buya. Rev: al¬Muti` lillah/Rukn al¬Dawla/Abu `Ali/Buya.,,,,,,
124 Bw Suq al¬Ahwaz ,340,3.23,51,,,,,,
125 Bw Tustar min al¬Ahwaz ,341, ,4.25,197,,,,,
,0,,,,,,,,
Rukn al¬Dawla Abu `Ali al¬Hasan,0,,,,,,,,
126 Bw Arrajan ,344, 02/R03 ,4.3, 0155. Obv: Rukn al¬Dawla/ Abu `Ali Buya. Rev: al¬Muti` lillah/`Adud al¬Dawla/Abu Shuja`.,,,,,
127 Bw alMuhammadiyya ,346, , 1.75 f , 0929. Obv: al¬Muti` lillah. Rev: Rukn al¬Dawla/Abu `Ali.,,,,,
128 Bw al¬Muhammadiyya ,348, 03/R01 ,2.94, 0188. Obv:--. Rev: al¬Muti` lillah/Rukn al¬Dawla Abu `Ali.,,,,,
,0,,,,,,,,
SAMANID,0,,,,,,,,
Isma`il b. Ahmad,0,,,,,,,,
129 Sa1 Ba Andaraba ,292,2.82, 0144. Obv: Ahmad b Muhammad b Ahmad. Rev: alMuktafi billah/Isma`il b Ahmad.,,,,,,
130 Sa1 Ba Andaraba ,292, 02/R02 , 1.08 f ,662,,,,,
131 Sa1 Ba Andaraba ,292, 20/R02 , 2.86 eh ,114,,,,,
132 Sa1 Andaraba ,293, 24/R15 ,3.04, 0532. Obv: alMuktafi billah. Rev: Isma`il b Ahmad/--.,,,,,
133 Sa1 Ba Andaraba ,294, 02/R03 ,3.35, 0247. Obv: alMuktafi billah. Rev: Isma`il b Ahmad/Ahmad.,,,,,
134 Sa1 Ba Andaraba ,294, 12/R20 , 1.38 f ,1278,,,,,
135 Sa1 Andaraba ,294, 23/R02 , 1.60 f , 0728. Obv: al¬Muktafi billah. Rev: Isma`il b Ahmad/--.,,,,,
136 Sa1 Ba Andaraba ,294, 29/R12 ,2.77, 0097. Obv: alMuktafi billah. Rev: Isma`il b Ahmad/Ahmad.,,,,,
137 Sa1 Andaraba ,2935, 0.93 f , 1235. Obv: --. Rev: alMuktafi billah/Isma`il b Ahmad.,,,,,,
138 Sa1 Andaraba ,295, 15/R , 1.48 f , 1334. Obv: alMuktafi billah. Isma`il b Ahmad/o.,,,,,
139 Sa1 al¬`Askar ,295, , 3.32 c , 0153. Obv: alMuqtadir billah. Rev: Isma`il b Ahmad/o. Rev die also use for Ma`din ,293,,,,
140 Sa1 Ba Balkh ,292, 01/R02 ,2.86, 0080. Obv: Ahmad b Muhammad b Ahmad. Rev: alMuktafi billah/Isma`il b Ahmad.,,,,,
141 Sa1 Ba Balkh ,292, 01/R02 , 1.72 f , 0674. Type as preceding.,,,,,
142 Sa1 Balkh ,293, 06/R , 1.26 f , 1025. Obv: alMuktafi billah. Rev: Isma`il b Ahmad.,,,,,
143 Sa1 Ba Balkh ,294, ,3.08, 0053. Obv: alMuktafi billah. Rev: Isma`il b Ahmad/Ahmad.,,,,,
144 Sa1 Ba Khuttal ,293, , 1.22 f , 1174. Obv: alHarith b Asad. Rev: alMuktafi billah/Isma`il b Ahmad.,,,,,
145 Sa1 Naysabur ,293, 03/R03 , 2.67 f , 0287. Rev: alMuktafi billah/Isma`il b Ahmad.,,,,,
146 Sa1 Naysabur ,293, 03/R03 , 1.05 fh ,1246,,,,,
147 Sa1 Naysabur ,2934, 0.43 f ,1098,,,,,,
148 Sa1 Naysabur ,294, 02/R02 , 2.25 e ,91,,,,,
149 Sa1 Naysabur ,294, 02/R02 , 2.07 f ,1335,,,,,
150 Sa1 Naysabur ,294, 03/R06 , 1.43 f ,759,,,,,
151 Sa1 Naysabur ,294, 05/R04 , 2.17 f ,960,,,,,
152 Sa1 Samarqand ,282, 02/R02 ,2.89, 1385. Rev: alMu`tadid billah/Isma`il.,,,,,
153 Sa1 Samarqand ,283, , 1.36 f , 1245. Rev: alMu`tadid billah/Isma`il b Ahmad.,,,,,
154 Sa1 Samarqand ,284, 01/R02 ,3.21,240,,,,,
155 Sa1 Samarqand ,284, 02/R01 ,3.1,479,,,,,
156 Sa1 Samarqand ,286, 03/R , 1.29 f ,1092,,,,,
157 Sa1 Samarqand ,287, 03/R ,3.04,173,,,,,
158 Sa1 Samarqand ,287, 03/R , 1.37 f ,937,,,,,
159 Sa1 Samarqand ,288, 01/R ,3.05,377,,,,,
160 Sa1 Samarqand ,288, 03/R ,3,202,,,,,
161 Sa1 Samarqand ,288, 03/R ,2.95,18,,,,,
162 Sa1 Samarqand ,288, 05/R ,3.27,146,,,,,
163 Sa1 Samarqand ,288, 06/R ,2.98,320,,,,,
164 Sa1 Samarqand ,289, 01/R ,2.94, 0385. Rev: alMu`tadid billah/Isma`il b Ahmad.,,,,,
165 Sa1 Samarqand ,289, 02/R , 1.74 f , 1304. As preceding.,,,,,
166 Sa1 Samarqand ,289, 03/R ,3.12, 0099. As preceding.,,,,,
167 Sa1 Samarqand ,289, 03/R ,2.84, 0480. As preceding.,,,,,
168 Sa1 Samarqand ,291, 05/R ,3,104,,,,,
169 Sa1 Samarqand ,291, 05/R , 0.99 f ,994,,,,,
170 Sa1 Samarqand ,292, 02/R , 1.69 f ,1303,,,,,
171 Sa1 Samarqand ,292, 02/R , 1.37 f ,928,,,,,
172 Sa1 Samarqand ,292, 02/R , 0.71 f ,966,,,,,
173 Sa1 Samarqand ,292, 03/R , 0.77 f ,1136,,,,,
174 Sa1 Samarqand ,292, 07/R ,2.93,508,,,,,
175 Sa1 Samarqand ,293, 02/R , 1.66 fh ,1046,,,,,
176 Sa1 Samarqand ,293, 02/R , 0.72 f ,1188,,,,,
177 Sa1 Samarqand ,293, 03/R ,3.12,130,,,,,
178 Sa1 Samarqand ,293, 03/R ,2.9,546,,,,,
179 Sa1 Samarqand ,293, 06/R , 1.66 fh ,1324,,,,,
180 Sa1 Samarqand ,294, 01/R1 , 1.68 f ,708,,,,,
181 Sa1 Samarqand ,294, 05/R , 1.51 f , 2h ,602,,,,
182 Sa1 Samarqand ,294, 06/R ,2.75,463,,,,,
183 Sa1 Samarqand ,294, 06/R , 1.35 f ,698,,,,,
184 Sa1 Samarqand ,294, 12/R , 2.80 h ,565,,,,,
185 Sa1 alShash ,281, 08/R18 , 2.28 f , 0843. Obv:--. Rev: alMu`tadid billah/Isma`il.,,,,,
186 Sa1 al¬Shash ,281, 09/R14 ,3.35,142,,,,,
187 Sa1 al¬Shash ,281, 13/R , 1.58 f ,1226,,,,,
188 Sa1 alShash ,282, 01/R11 , 1.25 f , 0838. Obv: Binkath. Rev: alMu`tadid billah/Isma`il.,,,,,
189 Sa1 al¬Shash ,282, 01/R18 ,2.83,313,,,,,
190 Sa1 alShash ,282, 01/R18 , 1.72 f ,852,,,,,
191 Sa1 al¬Shash ,282, 01/R18 , 0.66 f ,952,,,,,
192 Sa1 al¬Shash ,282, 02/R10 , 1.43 f ,918,,,,,
193 Sa1 al¬Shash ,282, 10/R16 , 1.29 f , 1343. Obv: --. Rev: alMu`tadid billah/Isma`il.,,,,,
194 Sa1 al¬Shash ,282, 11/R17 , 2.31 f ,1120,,,,,
195 Sa1 al¬Shash ,282, 17/R22 ,2.92,179,,,,,
196 Sa1 alShash ,282, 18/R , 1.51 f ,752,,,,,
197 Sa1 al¬Shash ,282, 18/R04 ,2.93,239,,,,,
198 Sa1 al¬Shash ,282, 18/R04 ,2.89,323,,,,,
199 Sa1 al¬Shash ,282, 19/R09 ,3.48,102,,,,,
200 Sa1 al¬Shash ,282, 20/R20 ,2.93,303,,,,,
201 Sa1 alShash ,2823, 1.52 f ,981,,,,,,
202 Sa1 al¬Shash ,283, 01/R04 ,2.93, 0109. Obv: Binkath. Rev: alMu`tadid billah/Isma`il.,,,,,
203 Sa1 al¬Shash ,283, 04/R08 ,3.03,308,,,,,
204 Sa1 al¬Shash ,283, 04/R49 , 1.25 f , 1311. Obv: Binkath. Rev: alMu`tadid billah/Isma`il b Ahmad.,,,,,
205 Sa1 al¬Shash ,283, 10/R37 ,3.01,404,,,,,
206 Sa1 al¬Shash ,283, 16/R ,3.05, 0285. Obv: --. Rev: alMu`tadid billah/Isma`il b Ahmad.,,,,,
207 Sa1 al¬Shash ,283, 16/R , 2.17 f ,1173,,,,,
208 Sa1 alShash ,283, 17/R , 1.28 f ,997,,,,,
209 Sa1 al¬Shash ,283, 21/R , 2.94 h ,591,,,,,
210 Sa1 al¬Shash ,283, 22/R ,2.94,259,,,,,
211 Sa1 al¬Shash ,283, 26/R36 ,3.01,178,,,,,
212 Sa1 al¬Shash ,283, 26/R50 ,2.99,474,,,,,
213 Sa1 al¬Shash ,283, 28/R38 , 2.86 h ,595,,,,,
214 Sa1 al¬Shash ,283, 32/R , 1.68 fg ,927,,,,,
215 Sa1 al¬Shash ,283, 33/R ,2.75,266,,,,,
216 Sa1 al¬Shash ,283, 33/R33 , 1.44 f ,705,,,,,
217 Sa1 alShash ,283, 37/R , 1.45 f ,1373,,,,,
218 Sa1 al¬Shash ,283, 37/R36 ,2.91,145,,,,,
219 Sa1 alShash ,283, 56/R , 2.17 fh ,1012,,,,,
220 Sa1 al¬Shash ,284, 01/R08 ,2.84,512,,,,,
221 Sa1 al¬Shash ,284, 02/R19 ,2.99,81,,,,,
222 Sa1 al¬Shash ,284, 02/R24 ,2.95,189,,,,,
223 Sa1 al¬Shash ,284, 03/R03 , 2.51 gl ,16,,,,,
224 Sa1 al¬Shash ,284, 07/R03 ,3,363,,,,,
225 Sa1 al¬Shash ,284, 07/R03 , 2.97 g ,235,,,,,
226 Sa1 al¬Shash ,284, 07/R27 ,2.89,450,,,,,
227 Sa1 al¬Shash ,285, 1.47 f ,794,,,,,,
228 Sa1 al¬Shash ,285, 01/R05 , 2.41 fh ,1377,,,,,
229 Sa1 alShash ,285, 02/R13 , 1.54 f ,761,,,,,
230 Sa1 alShash ,285, 03/R06 ,2.97,446,,,,,
231 Sa1 al¬Shash ,285, 04/R10 ,3.09,349,,,,,
232 Sa1 al¬Shash ,285, 09/R10 ,2.4,454,,,,,
233 Sa1 al¬Shash ,285, 09/R12 ,2.85,257,,,,,
234 Sa1 alShash ,285, 10/R08 ,2.92,261,,,,,
235 Sa1 al¬Shash ,285, 10/R10 ,2.98,379,,,,,
236 Sa1 al¬Shash ,285, 11/R12 ,3.02,451,,,,,
237 Sa1 al¬Shash ,286, 01/R ,2.96,514,,,,,
238 Sa1 al¬Shash ,286, 01/R ,2.89,284,,,,,
239 Sa1 al¬Shash ,286, 01/R ,2.8,316,,,,,
240 Sa1 al¬Shash ,286, 01/R ,2.62,273,,,,,
241 Sa1 al¬Shash ,286, 01/R , 1.92 f ,1206,,,,,
242 Sa1 alShash ,286, 01/R , 1.54 f ,1258,,,,,
243 Sa1 al¬Shash ,286, 04/R , 2.99 h ,570,,,,,
244 Sa1 al¬Shash ,286, 07/R ,2.59,433,,,,,
245 Sa1 al¬Shash ,286, 08/R ,2.91,399,,,,,
246 Sa1 al¬Shash ,286, 08/R ,2.77,355,,,,,
247 Sa1 al¬Shash ,286, 09/R ,2.88,192,,,,,
248 Sa1 al¬Shash ,286, 10/R ,2.9,29,,,,,
249 Sa1 al¬Shash ,286, 12/R ,2.94,291,,,,,
250 Sa1 alShash ,286, 14/R , 1.49 f ,694,,,,,
251 Sa1 al¬Shash ,286, 17/R ,3.11,161,,,,,
252 Sa1 al¬Shash ,286, 17/R , 2.76 e ,232,,,,,
253 Sa1 al¬Shash ,286, 17/R , 1.42 fh ,1225,,,,,
254 Sa1 al¬Shash ,286, 17/R , 1.05 f ,1168,,,,,
255 Sa1 al¬Shash ,286, 25/R , 1.38 f ,967,,,,,
256 Sa1 al¬Shash ,286, 26/R , 2.12 fh ,1356,,,,,
257 Sa1 al¬Shash ,286, 31/R ,2.94,125,,,,,
258 Sa1 alShash ,286, 0.64 f ,723,,,,,,
259 Sa1 al¬Shash ,287, 01/R ,3.3,133,,,,,
260 Sa1 al¬Shash ,287, 02/R ,2.95,220,,,,,
261 Sa1 al¬Shash ,287, 03/R , 3.04 g ,339,,,,,
262 Sa1 al¬Shash ,287, 08/R ,2.99,467,,,,,
263 Sa1 alShash ,287, 09/R , 1.19 f ,724,,,,,
264 Sa1 alShash ,287, 09/R , 0.84 f ,855,,,,,
265 Sa1 al¬Shash ,287, 12/R ,3.16,382,,,,,
266 Sa1 al¬Shash ,287, 12/R ,3.03,137,,,,,
267 Sa1 al¬Shash ,287, 12/R , 1.57 f ,906,,,,,
268 Sa1 al¬Shash ,287, 17/R , 2.37 f ,821,,,,,
269 Sa1 alShash ,287, 17/R , 1.28 f ,834,,,,,
270 Sa1 al¬Shash ,287, 18/R ,2.96,213,,,,,
271 Sa1 al¬Shash ,287, 18/R , 1.24 f ,784,,,,,
272 Sa1 al¬Shash ,287, 22/R ,3.06,352,,,,,
273 Sa1 al¬Shash ,287, 23/R , 1.72 fh ,894,,,,,
274 Sa1 al¬Shash ,287, 24/R ,2.8,513,,,,,
275 Sa1 alShash ,287, 25/R , 1.27 fh ,876,,,,,
276 Sa1 al¬Shash ,288, 01/R ,3.01,105,,,,,
277 Sa1 al¬Shash ,288, 01/R ,2.91,110,,,,,
278 Sa1 al¬Shash ,288, 03/R , 2.99 h ,236,,,,,
279 Sa1 al¬Shash ,288, 04/R ,3.3,439,,,,,
280 Sa1 alShash ,288, 06/R , 0.70 f ,807,,,,,
281 Sa1 alShash ,288, 07/R , 1.05 f ,856,,,,,
282 Sa1 al¬Shash ,288, 09/R ,3.24,427,,,,,
283 Sa1 al¬Shash ,288, 09/R ,3.07,326,,,,,
284 Sa1 al¬Shash ,288, 09/R , 1.22 f ,1160,,,,,
285 Sa1 al¬Shash ,288, 11/R ,3.06,151,,,,,
286 Sa1 al¬Shash ,288, 16/R ,2.93,370,,,,,
287 Sa1 al¬Shash ,288, 03/R ,3.43, 0223. Rev: alMuktafi billah/Isma`il b Ahmad.,,,,,
288 Sa1 alShash ,289, 0.93 f ," 1131. Rev: alMu`tadid billah/Isma`il b Ahmad, as all the following of this date.",,,,,,
289 Sa1 alShash ,289, 01/R , 1.00 f ,1035,,,,,
290 Sa1 al¬Shash ,289, 03/R ,2.98,520,,,,,
291 Sa1 al¬Shash ,289, 03/R ,2.85,511,,,,,
292 Sa1 al¬Shash ,289, 03/R , 1.49 f ,797,,,,,
293 Sa1 alShash ,289, 03/R , 1.43 f ,796,,,,,
294 Sa1 al¬Shash ,289, 04/R ,3,321,,,,,
295 Sa1 al¬Shash ,289, 04/R , 2.38 fh ,889,,,,,
296 Sa1 alShash ,289, 05/R , 1.18 f ,754,,,,,
297 Sa1 alShash ,289, 09/R ,3.18,400,,,,,
298 Sa1 alShash ,289, 09/R , 1.17 f ,707,,,,,
299 Sa1 al¬Shash ,289, 10/R , 2.96 h ,580,,,,,
300 Sa1 al¬Shash ,289, 12/R ,3.11,54,,,,,
301 Sa1 al¬Shash ,289, 13/R , 3.04 h ,573,,,,,
302 Sa1 al¬Shash ,290, 01/R , 1.30 f , 1144. Rev: alMuktafi billah/Isma`il b Ahmad.,,,,,
303 Sa1 alShash ,290, 02/R , 1.02 f ,1158,,,,,
304 Sa1 al¬Shash ,290, 05/R ,3.02,201,,,,,
305 Sa1 al¬Shash ,290, 05/R , 1.39 f ,1014,,,,,
306 Sa1 al¬Shash ,290, 07/R , 1.92 f ,874,,,,,
307 Sa1 alShash ,290, 07/R , 0.80 f ,1185,,,,,
308 Sa1 alShash ,290, 12/R , 1.55 f ,988,,,,,
309 Sa1 alShash ,290, 14/R , 1.47 f ,1023,,,,,
310 Sa1 al¬Shash ,290, 16/R ,3.21,256,,,,,
311 Sa1 alShash ,290, 24/R , 1.46 f ,716,,,,,
312 Sa1 alShash ,291, 01/R , 1.91 f ," 1231. Obv: kalima Ib, Abu lHusayn waliyy alDawla/alwazir.",,,,,
313 Sa1 al¬Shash ,291, 02/R ,2.87, 0424. As preceding.,,,,,
314 Sa1 al¬Shash ,291, 05/R ,3.06, 0065. As preceding.,,,,,
315 Sa1 al¬Shash ,292, 01/R ,2.93, 0510. Obv: --.,,,,,
316 Sa1 alShash ,292, 02/R , 0.75 f ,1195,,,,,
317 Sa1 alShash ,292, 04/R , 1.95 f ,655,,,,,
318 Sa1 al¬Shash ,292, 04/R , 1.03 f ,995,,,,,
319 Sa1 al¬Shash ,292, 05/R , 1.22 f ,786,,,,,
320 Sa1 al¬Shash ,292, 06/R ,2.69,269,,,,,
321 Sa1 alShash ,292, 06/R , 1.13 f ,954,,,,,
322 Sa1 al¬Shash ,292, 07/R , 1.52 f ,887,,,,,
323 Sa1 al¬Shash ,292, 08/R , 2.91 v ,322,,,,,
324 Sa1 al¬Shash ,292, 09/R , 0.96 f ,996,,,,,
325 Sa1 al¬Shash ,292, 11/R , 3.16 g ,359,,,,,
326 Sa1 al¬Shash ,292, 21/R , 2.89 h ,22,,,,,
327 Sa1 al¬Shash ,293, 01/R ,2.96,1379,,,,,
328 Sa1 al¬Shash ,293, 01/R , 1.71 f ,893,,,,,
329 Sa1 alShash ,293, 01/R , 0.77 f ,1190,,,,,
330 Sa1 alShash ,293, 02/R , 1.94 f ,1302,,,,,
331 Sa1 al¬Shash ,293, 03/R ,3.13,160,,,,,
332 Sa1 al¬Shash ,293, 03/R , 1.81 f ,1248,,,,,
333 Sa1 alShash ,293, 03/R , 1.64 f ,1276,,,,,
334 Sa1 alShash ,293, 03/R , 1.31 f ,866,,,,,
335 Sa1 alShash ,293, 03/R , 1.26 f ,795,,,,,
336 Sa1 alShash ,293, 04/R , 1.05 f ,757,,,,,
337 Sa1 al¬Shash ,293, 05/R ,2.77,417,,,,,
338 Sa1 al¬Shash ,293, 06/R ,3.03,52,,,,,
339 Sa1 al¬Shash ,293, 10/R ,2.91,1388,,,,,
340 Sa1 al¬Shash ,293, 13/R , 2.74 h ,568,,,,,
341 Sa1 al¬Shash ,294, 01/R ,2.86,522,,,,,
342 Sa1 al¬Shash ,294, 02/R ,3.12,419,,,,,
343 Sa1 al¬Shash ,294, 02/R ,2.55,255,,,,,
344 Sa1 al¬Shash ,294, 06/R , 3.06 g ,136,,,,,
345 Sa1 al¬Shash ,294, 09/R , 0.71 f ,1005,,,,,
346 Sa1 al¬Shash ,294, 14/R ,2.94,459,,,,,
347 Sa1 al¬Shash ,294, 16/R , 1.25 cf ,783,,,,,
348 Sa1 al¬Shash ,294, 20/R , 1.38 f ,656,,,,,
349 Sa1 alShash ,296, 16/R , 1.15 f , 1155. Rev: alMuktafi billah/Isma`il b Ahmad.,,,,,
,0,,,,,,,,
Ahmad b. Isma`il,0,,,,,,,,
350 Sa1 Andaraba ,296, 01/R07 ,2.88, 0405. Obv: alMuqtadir billah. Rev: Ahmad b Isma`il.,,,,,
351 Sa1 Andaraba ,296, 05/R08 , 2.57 f ,1107,,,,,
352 Sa1 Andaraba ,296, 10/R10 ,4.07,86,,,,,
353 Sa1 Andaraba ,296, 17/R13 , 0.85 f ,815,,,,,
354 Sa1 Andaraba ,299, 09/R27 ,3.09, 0376. Obv: Abu Nasr. Rev: alMuqtadir billah/Ahmad b Isma`il.,,,,,
355 Sa1 Andaraba ,299, 15/R16 , 2.24 f ,1251,,,,,
356 Sa1 Andaraba ,299, 17/R19 ,3.04,218,,,,,
357 Sa1 Andaraba ,299, 26/R13 , 1.64 f ,1117,,,,,
358 Sa1 Andaraba ,300, , 1.24 f , 1227. Obv: Abu Nasr. Rev: alMuqtadir billah/Ahmad b Isma`il.,,,,,
359 Sa1 Andaraba ,300, 04/R02 , 1.93 f ,1001,,,,,
360 Sa1 Andaraba ,300, 09/R05 ,2.93,265,,,,,
361 Sa1 Andaraba ,300, 12/R10 , 1.62 f ,991,,,,,
362 Sa1 Andaraba ,301, 01/R04 ,2.97, 0372. Obv: alMuqtadir billah. Rev: Ahmad b Isma`il/alQudra.,,,,,
363 Sa1 Andaraba ,301, 02/R ,2.96,475,,,,,
364 Sa1 Andaraba ,301, 03/R26 ,3.19,332,,,,,
365 Sa1 Andaraba ,301, 07/R10 , 1.61 f ,934,,,,,
366 Sa1 Andaraba ,301, 17/R02 , 1.78 fh ,1236,,,,,
367 Sa1 Andaraba ,302, 02/R01 ,3.02, 0112 Obv: alMuqtadir billah. Rev: Ahmad b Isma`il/alQudra. Old rev die.,,,,,
368 Sa1 Andaraba ,302, 02/R01 , 1.85 f ,1016,,,,,
369 Sa1 Andaraba ,302, 02/R01 , 1.61 f ,917,,,,,
370 Sa1 Balkh ,300, 02/R01 , 0.67 f , 1288. Obv: alMuqtadir billah. Rev: alMuqtadir billah.,,,,,
371 Sa1 Qaristan ,299, 01/R , 3.08 g ," 0411. Obv: ""A Nasr"" =Abu Nasr. Rev: alMuqtadir billah/Ahmad b Isma`il.",,,,,
372 Sa1 Samarqand ,295, 08/R , 2.26 f , 0732. Rev: alMuktafi billah/Ahmad b Isma`il.,,,,,
373 Sa1 Samarqand ,295, 08/R ,3.08, 0075. Rev: alMuqtadir billah/Ahmad b Isma`il.,,,,,
374 Sa1 Samarqand ,296, 02/R , 1.73 fg ,690,,,,,
375 Sa1 Samarqand ,297, 01/R ,2.98,549,,,,,
376 Sa1 Samarqand ,297, 01/R ,2.81,76,,,,,
377 Sa1 Samarqand ,297, 05/R ,2.67,147,,,,,
378 Sa1 Samarqand ,297, 05/R , 1.57 f ,1390,,,,,
379 Sa1 Samarqand ,297, 06/R ,2.97,307,,,,,
380 Sa1 Samarqand ,298, 02/R ,2.91,83,,,,,
381 Sa1 Samarqand ,2959, 1.04 f ,1132,,,,,,
382 Sa1 Samarqand ,299, 1.23 f ,921,,,,,,
383 Sa1 Samarqand ,299, 01/R ,3.1,540,,,,,
384 Sa1 Samarqand ,299, 02/R ,2.92,563,,,,,
385 Sa1 Samarqand ,299, 02/R , 1.97 f ,1307,,,,,
386 Sa1 Samarqand ,299, 05/R ,3.43,328,,,,,
387 Sa1 Samarqand ,299, 08/R11 , 2.50 gh ,581,,,,,
388 Sa1 Samarqand ,299, 09/R ,2.94,245,,,,,
389 Sa1 Samarqand ,299, 10/R10 , 1.21 cf ,628,,,,,
390 Sa1 Samarqand ,300, 01/R07 , 1.32 fh ,853,,,,,
391 Sa1 Samarqand ,300, 03/R , 1.65 f ,884,,,,,
392 Sa1 Samarqand ,300, 06/R ,2.96,141,,,,,
393 Sa1 Samarqand ,300, 08/R , 1.93 f ,888,,,,,
394 Sa1 Samarqand ,300, 08/R , 1.02 f ,1218,,,,,
395 Sa1 Samarqand ,300, 08/R11 , 0.92 f ,857,,,,,
396 Sa1 Samarqand ,300, 11/R ,3.52,381,,,,,
397 Sa1 Samarqand ,300, 11/R , 1.73 fg ,1359,,,,,
398 Sa1 Samarqand ,300, 11/R , 0.83 f ,957,,,,,
399 Sa1 Samarqand ,301, 06/R09A ,2.86,268,,,,,
400 Sa1 al¬Shash ,294, 295- mule , 07/R ,3.02, 0168. Old obv die. Rev: alMuqtadir billah/Ahmad b Isma`il.,,,,
401 Sa1 alShash ,294, 295- mule , 07/R , 0.70 f , 1283 Old obv die. Rev: alMuqtadir billah/Ahmad b Isma`il.,,,,
402 Sa1 al¬Shash ,295, 03/R ,3.11, 0368. Rev: alMuktafi billah/ Ahmad b Isma`il.,,,,,
403 Sa1 al¬Shash ,295, 03/R ,2.84,172,,,,,
404 Sa1 al¬Shash ,295, 03/R ,2.78,344,,,,,
405 Sa1 al¬Shash ,295, 05/R ,3.1,238,,,,,
406 Sa1 al¬Shash ,295, 07/R ,2.91,150,,,,,
407 Sa1 al¬Shash ,295, 08/R ,3.5,260,,,,,
408 Sa1 al¬Shash ,295, 09/R , 2.30 f ,978,,,,,
409 Sa1 al¬Shash ,295, 12/R ,2.72,113,,,,,
410 Sa1 al¬Shash ,295, 20/R ,2.94,394,,,,,
411 Sa1 al¬Shash ,295, 04/R ,3.68, 0468. Rev: alMuqtadir billah/ Ahmad b Isma`il.,,,,,
412 Sa1 al¬Shash ,296, 10/R , 1.71 fh ,1224,,,,,
413 Sa1 al¬Shash ,296, 06/R ,2.84,191,,,,,
414 Sa1 al¬Shash ,296, 07/R , 1.95 f ,1073,,,,,
415 Sa1 al¬Shash ,296, 08/R , 1.60 f ,1374,,,,,
416 Sa1 alShash ,296, 10/R , 0.70 f ,1008,,,,,
417 Sa1 al¬Shash ,296, 17/R , 2.62 h ,471,,,,,
418 Sa1 al¬Shash ,296, 19/R ,3.56,129,,,,,
419 Sa1 al¬Shash ,297,2.73,274,,,,,,
420 Sa1 alShash ,297, 1.66 fh ,1121,,,,,,
421 Sa1 al¬Shash ,297, 02/R , 3.28 g ,343,,,,,
422 Sa1 alShash ,297, 05/R , 1.05 f ,1262,,,,,
423 Sa1 al¬Shash ,297, 09/R , 2.65 g ,252,,,,,
424 Sa1 alShash ,297, 09/R , 1.44 f ,762,,,,,
425 Sa1 alShash ,297, 14/R , 1.45 f ,1114,,,,,
426 Sa1 al¬Shash ,297, 17/R , 0.93 f ,1367,,,,,
427 Sa1 al¬Shash ,297, 23/R14 ,2.92,50,,,,,
428 Sa1 al¬Shash ,297, 28/R , 1.97 f ,682,,,,,
429 Sa1 al¬Shash ,297, 39/R22 , 1.67 f ,1295,,,,,
430 Sa1 al¬Shash ,297, 42/R , 3.09 g ,183,,,,,
431 Sa1 al¬Shash ,297, 42/R , 3.01 c ,122,,,,,
432 Sa1 alShash ,297, 43/R , 1.50 f ,1006,,,,,
433 Sa1 al¬Shash ,298,2.93,251,,,,,,
434 Sa1 al¬Shash ,298,2.85,164,,,,,,
435 Sa1 al¬Shash ,298, 1.94 f ,1293,,,,,,
436 Sa1 al¬Shash ,298, 1.47 f ,1317,,,,,,
437 Sa1 alShash ,298, 1.41 f ,1018,,,,,,
438 Sa1 al¬Shash ,298, 03/R23 , 1.72 f ,1254,,,,,
439 Sa1 al¬Shash ,298, 04/R ,2.96,294,,,,,
440 Sa1 alShash ,298, 04/R , 0.43 f ,1097,,,,,
441 Sa1 al¬Shash ,298, 05/R ,2.64,162,,,,,
442 Sa1 al¬Shash ,298, 07/R , 2.66 e ,533,,,,,
443 Sa1 al¬Shash ,298, 08/R , 1.36 f ,1060,,,,,
444 Sa1 al¬Shash ,298, 10/R ,2.88,149,,,,,
445 Sa1 al¬Shash ,298, 11/R02 ,3.32,225,,,,,
446 Sa1 al¬Shash ,298, 22/R ,3.39,525,,,,,
447 Sa1 al¬Shash ,298, 31/R ,3.45,338,,,,,
448 Sa1 alShash ,298, 32/R , 1.60 f ,663,,,,,
449 Sa1 al¬Shash ,298, 37/R ,3.04,350,,,,,
450 Sa1 al¬Shash ,298, 39/R , 1.70 f ,915,,,,,
451 Sa1 alShash ,298, 41/R , 1.75 f ,1042,,,,,
452 Sa1 alShash ,29799, 1.56 f ,985,,,,,,
453 Sa1 al¬Shash ,299, 01/R ,2.86,329,,,,,
454 Sa1 al¬Shash ,299, 01/R , 2.20 f ,733,,,,,
455 Sa1 alShash ,299, 04/R , 1.38 f ,638,,,,,
456 Sa1 alShash ,299, 04/R , 0.97 f ,858,,,,,
457 Sa1 al¬Shash ,299, 08/R06 ,2.81,423,,,,,
458 Sa1 alShash ,299, 19/R , 1.70 f ,1125,,,,,
459 Sa1 al¬Shash ,299, 21/R , 1.64 f ,963,,,,,
460 Sa1 al¬Shash ,299, 26/R ,3.03,493,,,,,
461 Sa1 al¬Shash ,299, 39/R , 3.18 h ,566,,,,,
462 Sa1 al¬Shash ,300, 01/R ,3.06,495,,,,,
463 Sa1 al¬Shash ,300, 02/R ,3,358,,,,,
464 Sa1 al¬Shash ,300, 02/R ,2.89,429,,,,,
465 Sa1 al¬Shash ,300, 04/R ,3.3,25,,,,,
466 Sa1 al¬Shash ,300, 04/R ,3.14,552,,,,,
467 Sa1 al¬Shash ,300, 04/R ,3.06,435,,,,,
468 Sa1 al¬Shash ,300, 06/R , 3.25 g ,174,,,,,
469 Sa1 al¬Shash ,300, 07/R , 1.48 f ,1063,,,,,
470 Sa1 al¬Shash ,300, 08/R ,3.49,367,,,,,
471 Sa1 al¬Shash ,300, 08/R ,3,502,,,,,
472 Sa1 alShash ,300, 08/R , 1.49 f ,835,,,,,
473 Sa1 al¬Shash ,300, 16/R , 1.49 f ,1368,,,,,
474 Sa1 al¬Shash ,300, 22/R ,3.39,61,,,,,
475 Sa1 al¬Shash ,300, 26/R ,3.09,85,,,,,
476 Sa1 alShash ,300, 26/R , 2.48 f ,1115,,,,,
477 Sa1 al¬Shash ,300, 27/R , 2.88 e ,562,,,,,
478 Sa1 al¬Shash ,301, 03/R ,2.94,166,,,,,
479 Sa1 al¬Shash ,301, 05/R ,3.46,108,,,,,
480 Sa1 al¬Shash ,301, 05/R ,2.85,93,,,,,
481 Sa1 alShash ,301, 06/R ,3.48,84,,,,,
482 Sa1 al¬Shash ,301, 08/R ,2.8,498,,,,,
483 Sa1 al¬Shash ,301, 09/R ,3.09,846,,,,,
484 Sa1 al¬Shash ,301, 09/R , 2.23 f , 1286. Rev: alMuqtadir billah/ Ahmad b Isma`il.,,,,,
,0,,,,,,,,
Nasr b. Ahmad,0,,,,,,,,
485 Sa1 Ba Andaraba ,296, 14/R17 , 1.73 f , 0868. Obv: Ahmad b Muhammad b Yahya. Rev: alMuqtadir billah/Nasr b Ahmad. Old obv die.,,,,,
486 Sa1 Andaraba ,302, 03/R04 ,3.06, 0529 Obv: alMuqtadir billah. Rev: Nasr b Ahmad.,,,,,
487 Sa1 Andaraba ,302, 03/R06 , 1.45 f ,714,,,,,
488 Sa1 Andaraba ,302, 06/R08 , 1.72 f , 0748. Obv: Ahmad. Rev: alMuqtadir billah.,,,,,
489 Sa1 Ba Andaraba ,302, 07/R10 , 1.58 f , 0652. Obv: Ahmad. Rev: alMuqtadir billah.,,,,,
490 Sa1 Ba Andaraba ,302, 11/R14 , 1.49 f , 0965. Obv: Ahmad. Rev: alMuqtadir billah.,,,,,
491 Sa1 Andaraba ,302, 15/R16 , 2.74 h , 0582. Obv: alqudra lillah. Rev: alMuqtadir billah/Nasr b Ahmad.,,,,,
492 Sa1 Andaraba ,302, 16/R05 , 1.99 f , 0936. Obv: Ahmad. Rev: alMuqtadir billah.,,,,,
493 Sa1 Ba Andaraba ,303, 03/R02 ,3.65, 0476. Obv: Ahmad b Sahl. Rev: alMuqtadir billah/Nasr b Ahmad.,,,,,
494 Sa1 Ba Andaraba ,304, 03/R18 ,3.11,315,,,,,
495 Sa1 Andaraba ,304, 05/R13 , 0.71 f ,1208,,,,,
496 Sa1 Ba Andaraba ,304, 07/R04 ,3.13,222,,,,,
497 Sa1 Ba Andaraba ,304, 07/R08 ,3.32,375,,,,,
498 Sa1 Ba Andaraba ,304, 08/R06 , 2.33 c ,100,,,,,
499 Sa1 Andaraba ,305, 01/R09 , 1.08 f ,808,,,,,
500 Sa1 Ba Andaraba ,305, 07/R15 , 2.57 c ,481,,,,,
501 Sa1 Andaraba ,305, 12/R09 , 1.04 f ,898,,,,,
502 Sa1 Ba Andaraba ,306, 07/R07 , 2.96 c ,123,,,,,
503 Sa1 Ba Andaraba ,306, 07/R09 ,2.92,457,,,,,
504 Sa1 Andaraba ,306, 07/R09 , 0.64 f ,790,,,,,
505 Sa1 Andaraba ,306, 10/R01 , 1.08 f ,984,,,,,
506 Sa1 Andaraba ,306, 10/R16 , 1.02 f ,1184,,,,,
507 Sa1 Andaraba ,306, 19/R24 , 2.41 f ,1055,,,,,
508 Sa1 Andaraba ,308, 03/R03 , 1.26 fh , 0657. Obv: --. Rev: alMuqtadir billah/Nasr b Ahmad.,,,,,
509 Sa1 Andaraba ,308, 05/R04 , 1.61 f ,1259,,,,,
510 Sa1 Andaraba ,308, 11/R14 , 1.28 f ,1336,,,,,
511 Sa1 Andaraba ,308, 14/R13 , 2.35 f ,844,,,,,
512 Sa1 Andaraba ,309, 01/R03 , 0.75 f ,1135,,,,,
513 Sa2 Andaraba ,310, 10/R01 , 1.98 f ,1118,,,,,
514 Sa2 Andaraba ,310, 11/R06 , 1.02 f ,1306,,,,,
515 Sa2 Andaraba ,310, 02/R02 ,3.27,351,,,,,
516 Sa2 Andaraba ,310, 16/R ,3.36,36,,,,,
517 Sa2 Andaraba ,310, 08/R08 , 1.08 f ,772,,,,,
518 Sa2 Andaraba ,311, 1.47 f ,837,,,,,,
519 Sa2 Andaraba ,311, 01/R06 , 1.22 f ,1113,,,,,
520 Sa2 Andaraba ,314,2.88, 0297. Obv: Yusuf. Rev: alMuqtadir billah/Nasr b Ahmad.,,,,,,
521 Sa2 Andaraba ,314, 08/R06 , 3.11 g ,366,,,,,
522 Sa2 Andaraba ,314, 13/R10 , 1.38 f ,726,,,,,
523 Sa2 Andaraba ,31215, 04/R05 , 2.70 f , 0636. Obv: --. Rev: corrupt caliph/Nasr b Ahmad.,,,,,
524 Sa2 Andaraba ,315, 02/R02 , 1.79 fh , 1052. Obv: hasbi Allah. Rev: alMuqtadir billah/Nasr b Ahmad.,,,,,
"525 Sa2 ""Andarba"" xx5 ",315, 02/R09 ,3, 0521. Type as preceding.,,,,,
526 Sa2 Andaraba ,315, ,3.22, 0277. Obv date written kha `ashara thalathmi'a. Rev: alMuqtadir billah/Nasr b Ahmad.,,,,,
527 Sa2 Andaraba ,316, 04/R05 , 1.50 f , 1337. Obv: --. Rev: alMuqtadir billah/Nasr b Ahmad.,,,,,
"528 Sa2 Andaraba ""300"" =310-20   ",0, 0946. Obv:--. Rev: alMuqtadir billah/Nasr b Ahmad.,,,,,,,
529 Sa2 Andaraba ,31020, 1.73 f , 1300. Obv: --. Rev: alMuqtadir billah/Nasr b Ahmad.,,,,,,
530 Sa2 Andaraba ,325, ,3.92, 0096. Obv: Nuh b Nasr/ Harb. Rev: alRadi billah/Nasr b Ahmad.,,,,,
531 Sa2 Andaraba ,32526, 02/R02 , 0.65 f , 1186. Obv: Nuh. Rev: alRadi billah/Nasr b Ahmad.,,,,,
532 Sa2 Andaraba ,31031, 1.63 f , 1345. Obv: --. Rev: caliph/Nasr b Ahmad.,,,,,,
533 Sa2 Andaraba ,31031, 0.97 f , 2h , 0964. Type as preceding.,,,,,
"534 Sa2 Andaraba ""300"" ",32031,2.95, 2h , 0587. Type as preceding.,,,,,
"535 Sa2 Andaraba ""300"" ",32031, 2.55 f , 0621. Obv: Nuh. Rev: L/M/RA/Allah/Nasr b Ahmad.,,,,,,
"536 Sa2 Andaraba ""300"" ",32031, 07/R08 , 2.93 h , 0567. Obv: Nuh. Rev: alMuqtadir billah/Nasr b Ahmad. Frozen type,,,,,
537 Sa2 Andaraba ,32031, 0.75 f , 1143. Obv: Nuh b Nasr. Rev: caliph/Nasr b Ahmad.,,,,,,
538 Sa2 Andaraba ND =327-331  ,0, 3.38 g , 0095. Obv: --. Rev: L/M/RA/Allah/Nasr b Ahmad.,,,,,,
539 Sa2 Andaraba ,32731, 1.68 f , 0935. Obv: unclear. Rev: caliph/Nasr b Ahmad.,,,,,,
540 Sa2 Balad ,311, 01/R03 , 1.14 fh ," 0603. This mint is Balad Andaraba ""Town of Andaraba"", by die linkage. Obv:--. Rev: alMuqtadir billah/Nasr b Ahmad.",,,,,
541 Sa2 Balad ,311, 01/R05 , 3.00 h , 0564. As preceding.,,,,,
542 Sa1 Balkh ,303, 0.74 f , 1216. Obv: Ahmad b Sahl. Rev: alMuqtadir billah/Nasr b Ahmad.,,,,,,
543 Sa1 Ba Balkh ,303, 03/R03 , 2.91 h , 0551. Obv: Ahmad b Sahl. Rev: alMuqtadir billah/Nasr b Ahmad.,,,,,
544 Sa1 Ba Balkh ,306, 05/R05 ,3.12, 0517. Obv: Ahmad b Muhammad name clear. Rev: alMuqtadir billah/Nasr b Ahmad.,,,,,
545 Sa1 Ba Balkh ,307, ,2.89, 0045. Obv: Ahmad b Sahl. alMuqtadir billah/Nasr b Ahmad.,,,,,
546 Sa1 Balkh ,308, , 1.51 f , 1364. Obv: alQudra lillah. Rev: L/M/R/A/Nasr b Ahmad no caliph.,,,,,
547 Sa2 Balkh ,312, 01/R02 ,3.15, 1382. Obv: --. Rev: alMuqtadir billah/Nasr b Ahmad.,,,,,
548 Sa2 Balkh ,312, 01/R02 ,3.12,373,,,,,
549 Sa2 Balkh ,312, 07/R08 , 1.80 f ,765,,,,,
550 Sa2 Balkh ,313, , 1.51 f ,753,,,,,
551 Sa2 Balkh ,313, 02/R01 , 1.76 f ,1297,,,,,
552 Sa2 Balkh ,313, 04/R ,2.93,217,,,,,
553 Sa2 Balkh ,313, 05/R03 ,3.59,278,,,,,
554 Sa2 Balkh ,313, 14/R , 1.30 f ,1312,,,,,
555 Sa2 Balkh ,313, 14/R02 , 2.00 f ,744,,,,,
556 Sa2 Balkh ,313, 15/R14 , 1.16 fh ,987,,,,,
557 Sa2 Balkh ,314, , 0.91 f ,863,,,,,
558 Sa2 Balkh ,317, 01/R02 ,3.01, 0263. Obv: Qaratakin. alMuqtadir billah/Nasr b Ahmad.,,,,,
559 Sa2 Balkh ,317, 07/R06 ,4.7, 0456. Obv: --. Rev: alMuqtadir billah/Nasr b Ahmad.,,,,,
560 Sa2 Balkh ,320, 04/R04 , 1.47 f , 1314. Obv: Nuh b Nasr. Rev: alMuqtadir billah/Nasr b Ahmad.,,,,,
561 Sa2 Balkh ,320, 07/R01 , 1.41 f , 1096. As preceding.,,,,,
562 Sa2 Balkh ,321, 01/R02 , 1.49 f , 1275. Obv:--. Rev: alQahir billah/Nasr b Ahmad.,,,,,
563 Sa2 Balkh ,322, , 2.16 f , 0654 Obv:--. Rev: alQahir billah/Nasr b Ahmad.,,,,,
564 Sa2 Balkh ,323, 03/R04 , 1.32 f , 1212 Obv:--. Rev: alRadi billah/Nasr b Ahmad.,,,,,
565 Sa2 Balkh ,323, 07/R08 , 1.93 f , 1372. Obv: Nuh b Nasr. Rev: alRadi billah/Nasr b Ahmad/Bilkatakin.,,,,,
566 Sa2 Balkh ,323, 14/R14 , 1.84 f , 1305. As preceding.,,,,,
567 Sa2 Balkh ,323, 2.02 f , 0817. Obv: Nuh b Nasr. Rev: alRadi billah/Nasr b Ahmad/--.,,,,,,
568 Sa2 Balkh ,324, ,2.95, 0389. Obv: Nuh b Nasr/ Yusuf. Rev: alRadi billah/Nasr b Ahmad/Bilkatakin.,,,,,
569 Sa2 Balkh ,324, 05/R06 , 1.50 f , 1277. Obv: --. Rev: alRadi billah/Nasr b Ahmad/--.,,,,,
570 Sa2 Balkh ,32226, 1.54 f , 1255. Obv: Nuh b Nasr or Qarataki/Bilkatakin. Rev: alRadi billah/Nasr b Ahmad.,,,,,,
571 Sa2 Balkh ,32627, 0.65 f , 1198. Obv: Nuh b Nasr. Rev: alRadi billah/Nasr b Ahmad.,,,,,,
572 Sa2 Balkh ,327, 06/R06 , 1.22 f , 1178. Obv: Nuh. Rev: alRadi billah/Nasr b Ahmad.,,,,,
"573 Sa2 Balkh ""300"" ",32031, 1.31 f , 1085. Obv: Nuh b Nasr. Rev: caliph/Nasr b Ahmad.,,,,,,
574 Sa2 Farwan ,315, 03/R03 ,3.23, 0507. Obv: --. Rev: alMuqtadir billah/Nasr b Ahmad.,,,,,
575 Sa2 Farwan ,323, 03/R03 ,2.95, 0526. Obv: --. Rev: alRadi billah. Nasr b Ahmad.,,,,,
576 Sa1 Ba no mint =Khuttal ,308, 02/R03 ,3.21, 0407. Obv: Ja`far b Ahmad. Rev: alMuqtadir billah/Nasr b Ahmad.,,,,,
577 Sa2 al¬Khuttal ,313, 04/R04 , 2.94 gh , 0575. Obv: bakh. Rev: alMuqtadir billah/Nasr b Ahmad.,,,,,
578 Sa2 al¬Khuttal ,313, 10/R10 ,2.96, 0276. Obv: --. Rev: alMuktafi billahsic/Isma`il b Ahmad sic.,,,,,
579 Sa2 al¬Khuttal ,313, 13/R13 , 1.78 f , 0640. Obv: --. Rev: alMUqtadir billah/Nasr b Ahmad.,,,,,
580 Sa2 Ba alKhuttal ,314, , 1.02 f , 0910. Obv: Ja`far b Ahmad. Rev: alMuqtadir billah/Nasr b Ahmad.,,,,,
581 Sa2 al¬Khuttal ,314, 14/R14 , 3.58 h , 0242. Obv: --. Rev: L/M/R/A/Nasr b Ahmad no caliph.,,,,,
582 Sa1 Ma`din ,307, ,3.07, 0031. Obv: alQudra lillah. Rev: alMuqtadir billah/Nasr b Ahmad.,,,,,
583 Sa2 Ba Ma`din ,310, 19/R18 ,2.99, 0327. Obv: Muhammad b Dawud. Rev: alMuqtadir billah/Nasr b Ahmad.,,,,,
584 Sa2 Ma`din ,312, 01/R02 , 1.42 f , 0711. Obv: --. Rev: alMuqtadir billah. Nasr b Ahmad.,,,,,
585 Sa2 Ma`din ,315, , 1.23 f ,1322,,,,,
586 Sa2 Ma`din ,3159, 1.01 f ,661,,,,,,
587 Sa2 Ma`din ,319, , 1.60 f ,659,,,,,
588 Sa2 Ma`din ,31020, 1.43 f ,647,,,,,,
"589 Sa2 Ma`din ""300"" =310-320  ",0, 1.65 f ,1028,,,,,,
"590 Sa2 Ma`din ""300"" =310-320  ",0, 1.34 f ,729,,,,,,
591 Sa2 Ma`din ,320, , 1.10 f ,1229,,,,,
592 Sa2 Ma`din ,320, 05/R05 ,2.58,39,,,,,
593 Sa2 Ma`din ,322, ,3.19,418,,,,,
594 Sa2 Ma`din ,322, 01/R , 1.48 f , 1358. Obv: --. Rev: alMuqtadir billah sic/Nasr b Ahmad.,,,,,
595 Sa2 Ma`din ,32229, 1.89 fg , 2h , 0604. Obv:   . Rev: alRadi billah/Nasr b Ahmad.,,,,,
"596 Sa2 Ma`din ""300"" =320-31   ",0, 1296. Obv: --. Rev: alMuqtadir billah/Nasr b Ahmad.,,,,,,,
597 Sa1 Naysabur ,303, ,3.08, 0140. Obv: --. Rev: alMuqtadir billah/Nasr b Ahmad.,,,,,
598 Sa1 Naysabur ,306, 05/R05 , 2.20 f , 1200. Obv: Ahmad. Rev: alMuqtadir billah/Nasr b Ahmad.,,,,,
599 Sa1 Naysabur ,308, , 2.12 f , 0970. Obv: --. Rev: alMUqtadir billah/Nasr b Ahmad.,,,,,
600 Sa2 Naysabur ,321, 1.94 f , 1022. Obv: --. Rev: alQahir billah/Nasr b Ahmad.,,,,,,
601 Sa2 Naysabur ,322, 2.54 f , 0971 Obv: --. Rev: alQahir billah/Nasr b Ahmad.,,,,,,
602 Sa2 Naysabur ,323, , 0.65 f , 1033. Obv: --. Rev: alRadi billah. Nasr b Ahmad.,,,,,
603 Sa2 Naysabur ,323, 02/R02 ,2.82, 1386. As preceding.,,,,,
604 Sa2 Naysabur ,324, 03/R03 , 1.11 f , 0849. As preceding.,,,,,
605 Sa2 Naysabur ,328, 02/R02 , 1.13 f , 1189 As preceding.,,,,,
606 Sa2 Naysabur ,32229, 326-7   , 1.16 f , 0750. Type as preceding. Engraver's signature al-H.ârith Bah.ârith at , 1 o'clock in outer obverse margin.,,,,
607 Sa2 Naysabur ,329, ,2.69, 0414. Obv: --. Rev: alRadi billah/Nasr b Ahmad.,,,,,
608 Sa2 Naysabur ,331, 11/R11 New dies. ,3.96, 0341 Obv: --. Rev: alMuttaqi lillah/Nasr b Ahmad.,,,,,
609 Sa1 Samarqand ,299, 12/R , 1.55 f , 1105. Obv: bakh. Rev: alMuqtadir billah/Nasr b Ahmad.,,,,,
610 Sa1 Samarqand ,301, 04/R  N , 1.25 f ,1167,,,,,
611 Sa1 Samarqand ,302, 01/R , 1.90 f ,632,,,,,
612 Sa1 Samarqand ,302, 02/R , 1.45 f ,1084,,,,,
613 Sa1 Samarqand ,302, 02/R , 1.26 f ,1263,,,,,
614 Sa1 Samarqand ,302, 03/R , 1.29 f ,1157,,,,,
615 Sa1 Samarqand ,302, 09/R , 2.66 e ,1353,,,,,
616 Sa1 Samarqand ,302, 10/R ,3.01,353,,,,,
617 Sa1 Samarqand ,302, 14/R ,3.43,304,,,,,
618 Sa1 Samarqand ,303, 01/R ,3.23,30,,,,,
619 Sa1 Samarqand ,303, 01/R ,3.06,503,,,,,
620 Sa1 Samarqand ,303, 01/R , 0.92 fh ,1148,,,,,
621 Sa1 Samarqand ,303, 03/R ,2.97,298,,,,,
622 Sa1 Samarqand ,303, 03/R ,2.78,117,,,,,
623 Sa1 Samarqand ,303, 04/R ,2.9,442,,,,,
624 Sa1 Samarqand ,303, 04/R , 0.99 f ,1264,,,,,
625 Sa1 Samarqand ,303, 07/R ,4.07,449,,,,,
626 Sa1 Samarqand ,304, 03/R ,3,241,,,,,
627 Sa1 Samarqand ,304, 03/R , 0.87 f ,1163,,,,,
628 Sa1 Samarqand ,304, 04/R ,3.36,401,,,,,
629 Sa1 Samarqand ,304, 06/R ,3.1,37,,,,,
630 Sa1 Samarqand ,304, 08/R , 1.77 fh ,1078,,,,,
631 Sa1 Samarqand ,304, 09/R , 1.83 f ,891,,,,,
632 Sa1 Samarqand ,304, 10/R , 1.28 f ,1087,,,,,
633 Sa1 Samarqand ,304, 11/R ,3.29,19,,,,,
634 Sa1 Samarqand ,305, 01/R , 1.36 f ,1347,,,,,
635 Sa1 Samarqand ,305, 02/R03 ,2.99,473,,,,,
636 Sa1 Samarqand ,305, 03/R ,4.42,175,,,,,
637 Sa1 Samarqand ,305, 05/R ,3.54,289,,,,,
638 Sa1 Samarqand ,305, 05/R ,3.09,403,,,,,
639 Sa1 Samarqand ,305, 06/R ,3,64,,,,,
640 Sa1 Samarqand ,305, 07/R , 1.51 f ,1257,,,,,
641 Sa1 Samarqand ,305, 10/R , 1.49 f ,764,,,,,
642 Sa1 Samarqand ,305, 10/R01 , 2.75 f ,1110,,,,,
643 Sa1 Samarqand ,305, 12/R ,2.98,492,,,,,
644 Sa1 Samarqand ,305, 13/R , 2.35 f ,975,,,,,
645 Sa1 Samarqand ,305, 14/R ,2.75,28,,,,,
646 Sa1 Samarqand ,306, 01/R ,2.85,395,,,,,
647 Sa1 Samarqand ,306, 04/R , 0.94 f ,814,,,,,
648 Sa1 Samarqand ,306, 05/R , 0.79 f ,897,,,,,
649 Sa1 Samarqand ,306, 07/R , 1.68 f ,706,,,,,
650 Sa1 Samarqand ,307, 07/R ,3.05,383,,,,,
651 Sa1 Samarqand ,307, 07/R , 0.92 f ,1037,,,,,
652 Sa1 Samarqand ,307, 08/R05 , 1.54 f ,664,,,,,
653 Sa1 Samarqand ,307, 13/R ,2.97,82,,,,,
654 Sa1 Samarqand ,308,3.58,248,,,,,,
655 Sa1 Samarqand ,308, 02/R ,3.52,24,,,,,
656 Sa1 Samarqand ,308, 03/R , 1.69 fg ,1323,,,,,
657 Sa1 Samarqand ,308, 11/R ,3.16,1381,,,,,
658 Sa1 Samarqand ,309, 02/R ,2.81,331,,,,,
659 Sa1 Samarqand ,309, 02/R , 1.47 fh ,756,,,,,
660 Sa1 Samarqand ,309, 04/R , 1.53 f ,1038,,,,,
661 Sa1 Samarqand ,309, 06/R ,4.27, 2h ,594,,,,
662 Sa1 Samarqand ,309, 06/R , 1.17 f ,792,,,,,
663 Sa1 Samarqand ,309, 07/R , 1.66 f ,803,,,,,
664 Sa1 Samarqand ,309, 10/R ,2.97,224,,,,,
665 Sa1 Samarqand ,309, 12/R ,2.54,205,,,,,
666 Sa2 Samarqand ,310, 07/R ,3.66,554,,,,,
667 Sa2 Samarqand ,310, 08/R , 3.18 e ,537,,,,,
668 Sa2 Samarqand ,310, 08/R , 3.11 h ,586,,,,,
669 Sa2 Samarqand ,310, 08/R ,2.76,253,,,,,
670 Sa2 Samarqand ,310, 10/R , 2.05 c ,515,,,,,
671 Sa2 Samarqand ,310, 11/R ,3.34,176,,,,,
672 Sa2 Samarqand ,310, 11/R , 1.88 f ,1294,,,,,
673 Sa2 Samarqand ,310, 13/R ,3.15,42,,,,,
674 Sa2 Samarqand ,310, 13/R , 3.01 e ,535,,,,,
675 Sa2 Samarqand ,310, 20/R ,3.24,425,,,,,
676 Sa2 Samarqand ,310, 20/R ,3.15,336,,,,,
677 Sa2 Samarqand ,311, 02/R , 1.27 f ,1366,,,,,
678 Sa2 Samarqand ,311, 04/R , 1.31 f ,1024,,,,,
679 Sa2 Samarqand ,311, 09/R ,4.46,500,,,,,
680 Sa2 Samarqand ,311, 09/R , 1.39 fh ,684,,,,,
681 Sa2 Samarqand ,311, 17/R , 3.35 h ,590,,,,,
682 Sa2 Samarqand ,311, 19/R ,2.84,384,,,,,
683 Sa2 Samarqand ,311, 19/R14 , 2.24 f ,1100,,,,,
684 Sa2 Samarqand ,312, 04/R ,2.95,246,,,,,
685 Sa2 Samarqand ,312, 04/R , 1.85 f ,778,,,,,
686 Sa2 Samarqand ,312, 07/R ,3.45,134,,,,,
687 Sa2 Samarqand ,312, 08/R ,3.07,391,,,,,
688 Sa2 Samarqand ,312, 12/R ,3.23,374,,,,,
689 Sa2 Samarqand ,30313, 1.21 f ,836,,,,,,
690 Sa2 Samarqand ,30313, 0.97 f ,1095,,,,,,
691 Sa2 Samarqand ,3103, 1.65 f ,1106,,,,,,
692 Sa2 Samarqand ,313, 03/R ,2.81,523,,,,,
693 Sa2 Samarqand ,313, 04/R , 1.29 f ,1154,,,,,
694 Sa2 Samarqand ,313, 06/R ,3.18,231,,,,,
695 Sa2 Samarqand ,313, 09/R , 1.61 f ,1354,,,,,
696 Sa2 Samarqand ,314, 10/R , 1.57 f ,982,,,,,
697 Sa2 Samarqand ,314, 10/R , 1.31 f ,1166,,,,,
698 Sa2 Samarqand ,314, 11/R ,3.17,485,,,,,
699 Sa2 Samarqand ,30815, 1.26 f ,1284,,,,,,
700 Sa2 Samarqand ,30815, 1.12 fg ,709,,,,,,
701 Sa2 Samarqand ,30815, 1.00 f ,1064,,,,,,
702 Sa2 Samarqand ,30815, 0.82 f ,1213,,,,,,
703 Sa2 Samarqand ,315,3.34,21,,,,,,
704 Sa2 Samarqand ,315,3.02,452,,,,,,
705 Sa2 Samarqand ,315,2.94,340,,,,,,
706 Sa2 Samarqand ,315, 1.43 f ,667,,,,,,
707 Sa2 Samarqand ,315, 1.20 f ,768,,,,,,
708 Sa2 Samarqand ,315, 10/R , 1.15 f ,1090,,,,,
709 Sa2 Samarqand ,315, 11/R , 0.98 f ,793,,,,,
710 Sa2 Samarqand ,316, 01/R ,2.77,388,,,,,
711 Sa2 Samarqand ,316, 02/R ,3.8,152,,,,,
712 Sa2 Samarqand ,316, 02/R , 1.89 f ,875,,,,,
713 Sa2 Samarqand ,316, 02/R , 0.44 f ,758,,,,,
714 Sa2 Samarqand ,316, 10/R ,3.15,534,,,,,
715 Sa2 Samarqand ,316, 10/R , 1.51 f ,1056,,,,,
716 Sa2 Samarqand ,317, 07/R , 1.85 f ,1223,,,,,
717 Sa2 Samarqand ,317, 14/R , 1.86 f ,1378,,,,,
718 Sa2 Samarqand ,318, 1.26 f ,1156,,,,,,
719 Sa2 Samarqand ,318, 1.18 f ,1205,,,,,,
720 Sa2 Samarqand ,318, 01/R , 2.70 e ,309,,,,,
721 Sa2 Samarqand ,318, 01/R , 2.46 fh ,633,,,,,
722 Sa2 Samarqand ,318, 06/R , 2.01 fg ,1233,,,,,
723 Sa2 Samarqand ,318, 08/R ,3.21,199,,,,,
724 Sa2 Samarqand ,318, 14/R , 1.89 f ,695,,,,,
725 Sa2 Samarqand ,3109, 0.94 f ,668,,,,,,
726 Sa2 Samarqand ,319, 1.52 f ,923,,,,,,
727 Sa2 Samarqand ,319, 1.38 f ,1171,,,,,,
728 Sa2 Samarqand ,319, 01/R ,3.27,357,,,,,
729 Sa2 Samarqand ,319, 01/R , 0.77 f ,896,,,,,
730 Sa2 Samarqand ,319, 05/R , 1.54 f ,1075,,,,,
731 Sa2 Samarqand ,319, 08/R ,2.59,71,,,,,
732 Sa2 Samarqand ,319, 08/R , 1.49 f ,1375,,,,,
733 Sa2 Samarqand ,30120, 1.39 f ,1066,,,,,,
734 Sa2 Samarqand ,30120, 0.89 f ,1034,,,,,,
735 Sa2 Samarqand ,31520, 1.49 f ,890,,,,,,
736 Sa2 Samarqand ,31520, 1.37 f ,993,,,,,,
737 Sa2 Samarqand ,31520, 1.27 f ,1071,,,,,,
738 Sa2 Samarqand ,320, 02/R ,2.88,132,,,,,
739 Sa2 Samarqand ,320, 03/R , 3.14 h ,583,,,,,
740 Sa2 Samarqand ,320, 03/R , 2.21 f ,766,,,,,
741 Sa2 Samarqand ,320, 04/R , 1.68 f ,867,,,,,
742 Sa2 Samarqand ,320, 04/R , 1.57 f ,1234,,,,,
743 Sa2 Samarqand ,320, 05/R ,3.27,60,,,,,
744 Sa2 Samarqand ,320, 05/R , 2.88 e ,443,,,,,
745 Sa2 Samarqand ,320, 05/R , 2.01 f ,948,,,,,
746 Sa2 Samarqand ,320, 05/R , 1.88 f ,974,,,,,
747 Sa2 Samarqand ,320, 06/R , 1.47 f ,872,,,,,
748 Sa2 Samarqand ,320, 16/R , 2.93 e ,380,,,,,
749 Sa2 Samarqand ,320, 17/R , 1.27 f ,1165,,,,,
750 Sa2 Samarqand ,320, 1.14 f ,1267,,,,,,
751 Sa2 Samarqand ,321, 09/R , 2.69 f ,1126,,,,,
752 Sa2 Samarqand ,321, 03/R ,3,229,,,,,
753 Sa2 Samarqand ,321, 08/R ,3.2,121,,,,,
754 Sa2 Samarqand ,321, 16/R ,4.04,181,,,,,
755 Sa2 Samarqand ,32022, 1.40 f ,1083,,,,,,
756 Sa2 Samarqand ,322, 1.59 f ,776,,,,,,
757 Sa2 Samarqand ,322, 02/R , 1.75 f ,738,,,,,
758 Sa2 Samarqand ,322, 04/R , 1.22 f ,1268,,,,,
759 Sa2 Samarqand ,322, 11/R , 2.01 f ,1192,,,,,
760 Sa2 Samarqand ,322, 12/R ,2.2, 2h ,579,,,,
761 Sa2 Samarqand ,322, 1.95 f ,688,,,,,,
762 Sa2 Samarqand ,322, 06/R ,3.07,413,,,,,
763 Sa2 Samarqand ,322, 06/R , 2.11 fh ,775,,,,,
764 Sa2 Samarqand ,322, 13/R , 0.77 f ,1214,,,,,
765 Sa2 Samarqand ,323, 03/R , 1.85 f ,1076,,,,,
766 Sa2 Samarqand ,323, 1.55 f ,865,,,,,,
767 Sa2 Samarqand ,323, 01/R , 1.95 f ,1108,,,,,
768 Sa2 Samarqand ,323, 01/R , 1.89 f ,1237,,,,,
769 Sa2 Samarqand ,323, 01/R , 1.82 f ,1357,,,,,
770 Sa2 Samarqand ,323, 01/R , 1.80 f ,1122,,,,,
771 Sa2 Samarqand ,323, 02/R , 1.45 f ,1031,,,,,
772 Sa2 Samarqand ,323, 09/R ,2.94,286,,,,,
773 Sa2 Samarqand ,323, 11/R , 3.46 e ,440,,,,,
774 Sa2 Samarqand ,323, 11/R , 2.33 c ,32,,,,,
775 Sa2 Samarqand ,323, 13/R ,3.46,412,,,,,
776 Sa2 Samarqand ,323, 13/R , 1.76 f ,1124,,,,,
777 Sa2 Samarqand ,323, 16/R , 1.15 f ,1313,,,,,
778 Sa2 Samarqand ,323, 19/R , 0.90 f ,956,,,,,
779 Sa2 Samarqand ,323, 27/R , 1.30 f ,623,,,,,
780 Sa2 Samarqand ,324, 02/R ,2.62,275,,,,,
781 Sa2 Samarqand ,324, 05/R ,4.61,48,,,,,
782 Sa2 Samarqand ,324, 07/R , 1.58 fh ,713,,,,,
783 Sa2 Samarqand ,324, 10/R ,3.34,169,,,,,
784 Sa2 Samarqand ,324, 11/R ,3.05,494,,,,,
785 Sa2 Samarqand ,324, 13/R ,3.77,496,,,,,
786 Sa2 Samarqand ,32325, 2.23 f ,734,,,,,,
787 Sa2 Samarqand ,32325, 1.42 f ,953,,,,,,
788 Sa2 Samarqand ,32325, 1.20 f ,677,,,,,,
789 Sa2 Samarqand ,325, 01/R ,3.02,545,,,,,
790 Sa2 Samarqand ,325, 02/R ,2.92,131,,,,,
791 Sa2 Samarqand ,325, 05/R ,3.14,182,,,,,
792 Sa2 Samarqand ,325, 06/R , 2.96 e ,460,,,,,
793 Sa2 Samarqand ,325, 06/R ,2.53,490,,,,,
794 Sa2 Samarqand ,325, 07/R , 1.89 f ,1172,,,,,
795 Sa2 Samarqand ,327, 03/R ,3.83,200,,,,,
796 Sa2 Samarqand ,327, 05/R , 3.07 f ,763,,,,,
797 Sa2 Samarqand ,327, 05/R , 1.63 f ,990,,,,,
798 Sa2 Samarqand ,327, 11/R , 1.36 f ,961,,,,,
799 Sa2 Samarqand ,327, 14/R ,3.01,244,,,,,
800 Sa2 Samarqand ,327, 14/R , 2.59 e ,187,,,,,
801 Sa2 Samarqand ,327, 14/R , 1.91 f ,842,,,,,
802 Sa2 Samarqand ,327, 14/R , 1.02 fg ,1342,,,,,
803 Sa2 Samarqand ,327, 15/R , 1.53 f ,693,,,,,
804 Sa2 Samarqand ,327, 17/R ,3.47,300,,,,,
805 Sa2 Samarqand ,327, 19/R , 3.54 e ,66,,,,,
806 Sa2 Samarqand ,328, 01/R , 2.29 f ,1127,,,,,
807 Sa2 Samarqand ,328, 03/R , 2.08 f ,626,,,,,
808 Sa2 Samarqand ,3209, 1.79 f ,644,,,,,,
809 Sa2 Samarqand ,3229, 1.44 f ,1061,,,,,,
810 Sa2 Samarqand ,32229, 1.22 fh ,601,,,,,,
811 Sa2 Samarqand ,3229, 1.20 f ,782,,,,,,
812 Sa2 Samarqand ,32229, 0.94 f ,1187,,,,,,
813 Sa2 Samarqand ,330, 02/R ,3.33,434,,,,,
814 Sa2 Samarqand ,330, 04/R02 , 3.54 g ,312,,,,,
815 Sa2 Samarqand ,330, 04/R02 , 1.92 f ,973,,,,,
816 Sa2 Samarqand ,330, 06/R ,2.49,288,,,,,
817 Sa2 Samarqand ,330, 06/R , 1.96 f ,1067,,,,,
818 Sa2 Samarqand ,330, 11/R01 , 4.26 e ,441,,,,,
819 Sa2 Samarqand ,330, 11/R01 ,2.81,428,,,,,
820 Sa2 Samarqand ,330, 12/R ,3.3,392,,,,,
821 Sa2 Samarqand ,330, 0.67 f ,788,,,,,,
822 Sa2 Samarqand ,30131, 1.02 f ,1138,,,,,,
823 Sa2 Samarqand ,31031, 1.39 f ,1316,,,,,,
824 Sa2 Samarqand ,31031, 0.77 f ,1007,,,,,,
825 Sa2 Samarqand ,31031, 0.55 f ,1217,,,,,,
826 Sa2 Samarqand ,32931, 1.82 f ,685,,,,,,
827 Sa2 Samarqand ,331, 02/R02 , 0.79 f ,727,,,,,
828 Sa2 Samarqand ,331, 02/R03 , 2.39 f ,1103,,,,,
829 Sa2 Samarqand ,331, 09/R ,3.18,305,,,,,
830 Sa1 al¬Shash ,301, 01/R ,3.19,311,,,,,
831 Sa1 alShash ,301, 01/R ,3.18,354,,,,,
832 Sa1 al¬Shash ,301, 04/R , 3.15 g ,422,,,,,
833 Sa1 al¬Shash ,302, 03/R ,3.01,335,,,,,
834 Sa1 al¬Shash ,302, 03/R ,2.74,20,,,,,
835 Sa1 al¬Shash ,302, 06/R ,2.9,420,,,,,
836 Sa1 al¬Shash ,302, 06/R ,2.89,519,,,,,
837 Sa1 al¬Shash ,302, 06/R ,2.73,49,,,,,
838 Sa1 al¬Shash ,302, 06/R , 1.67 f ,841,,,,,
839 Sa1 al¬Shash ,302, 09/R , 1.61 f ,1230,,,,,
840 Sa1 al¬Shash ,302, 10/R ,3.09,448,,,,,
841 Sa1 al¬Shash ,303, 02/R , 1.30 f ,1072,,,,,
842 Sa1 al¬Shash ,303, 06/R ,2.95,73,,,,,
843 Sa1 al¬Shash ,303, 10/R ,2.84,216,,,,,
844 Sa1 al¬Shash ,304, 03/R , 1.54 f ,1123,,,,,
845 Sa1 alShash ,304, 03/R , 1.27 f ,932,,,,,
846 Sa1 alShash ,304, 04/R , 1.32 f ,1244,,,,,
847 Sa1 al¬Shash ,304, 15/R ,3.2,69,,,,,
848 Sa1 al¬Shash ,304, 15/R ,2.96,430,,,,,
849 Sa1 alShash ,304, 16/R , 1.83 f ,648,,,,,
850 Sa1 al¬Shash ,305, 03/R , 2.86 h ,571,,,,,
851 Sa1 al¬Shash ,305, 04/R ,2.85,302,,,,,
852 Sa1 al¬Shash ,306, 02/R , 2.49 c ,489,,,,,
853 Sa1 al¬Shash ,306, 06/R , 2.95 h ,588,,,,,
854 Sa1 al¬Shash ,306, 07/R ,2.88,215,,,,,
855 Sa1 alShash ,306, 09/R , 2.30 f ,904,,,,,
856 Sa1 al¬Shash ,307, 04/R ,2.99,393,,,,,
857 Sa1 al¬Shash ,308, 01/R ,3.53,356,,,,,
858 Sa1 al¬Shash ,308, 02/R ,2.86,243,,,,,
859 Sa1 al¬Shash ,308, 08/R ,3.42,486,,,,,
860 Sa1 alShash ,308, 08/R , 0.80 f ,785,,,,,
861 Sa1 al¬Shash ,308, 13/R ,2.86,362,,,,,
862 Sa1 al¬Shash ,309, 18/R ,2.68, 2h ,572,,,,
863 Sa1 al¬Shash ,309, 20/R , 3.06 f ,976,,,,,
864 Sa2 alShash ,310, 03/R , 1.66 f ,1175,,,,,
865 Sa2 alShash ,311, 1.65 f ,912,,,,,,
866 Sa2 al¬Shash ,312, 09/R ,3.12,63,,,,,
867 Sa2 al¬Shash ,312, 11/R ,3.01,436,,,,,
868 Sa2 al¬Shash ,312, 12/R ,3.25,361,,,,,
869 Sa2 alShash ,315, 1.03 f ,1145,,,,,,
870 Sa2 al¬Shash ,315, 03/R ,3.19,470,,,,,
871 Sa2 alShash ,315, 29/R , 0.97 f ,1197,,,,,
872 Sa2 al¬Shash ,315, 30/R , 1.13 f ,1211,,,,,
873 Sa2 al¬Shash ,315, 31/R ,3.19,128,,,,,
874 Sa2 alShash ,30816, 1.61 f ,696,,,,,,
875 Sa2 alShash ,3156, 0.66 f ,755,,,,,,
876 Sa2 alShash ,316, 01/R , 1.00 cf ,1091,,,,,
877 Sa2 alShash ,316, 05/R , 1.85 f ,847,,,,,
878 Sa2 alShash ,316, 06/R , 1.07 cf ,1194,,,,,
879 Sa2 alShash ,316, 12/R , 1.56 f ,1044,,,,,
880 Sa2 al¬Shash ,316, 21/R14 ,3.41,426,,,,,
881 Sa2 al¬Shash ,316, 25/R08 , 2.78 e ,736,,,,,
882 Sa2 al¬Shash ,316, 28/R17 , 2.13 c ,337,,,,,
883 Sa2 alShash ,316, 32/R , 1.97 f ,743,,,,,
884 Sa2 al¬Shash ,316, 32/R21 , 2.54 fg ,1272,,,,,
885 Sa2 al¬Shash ,316, 51/R , 1.42 f ,658,,,,,
886 Sa2 al¬Shash ,316, 54/R ,2.68,369,,,,,
887 Sa2 al¬Shash ,316, 55/R ,3.27,293,,,,,
888 Sa2 al¬Shash ,316, 56/R , 2.07 f ,1003,,,,,
889 Sa2 al¬Shash ,316, 57/R ,2.83,167,,,,,
890 Sa2 alShash ,316, 57/R , 1.56 f ,1102,,,,,
891 Sa2 al¬Shash ,316, 52/R ,4.01,98,,,,,
892 Sa2 al¬Shash ,317, ,3.38,158,,,,,
893 Sa2 al¬Shash ,317, 02/R , 2.63 f ,977,,,,,
894 Sa2 alShash ,317, 02/R , 0.92 f ,1147,,,,,
895 Sa2 al¬Shash ,317, 06/R , 1.59 f ,922,,,,,
896 Sa2 alShash ,317, 06/R , 1.09 f ,1193,,,,,
897 Sa2 al¬Shash ,317, 10/R17 ,2.96,333,,,,,
898 Sa2 alShash ,318, 0.87 f ,791,,,,,,
899 Sa2 alShash ,318, 0.81 f ,1285,,,,,,
900 Sa2 al¬Shash ,318, 03/R ,3.39,1380,,,,,
901 Sa2 al¬Shash ,318, 04/R ,3.38,553,,,,,
902 Sa2 al¬Shash ,318, 04/R , 3.28 g ,184,,,,,
903 Sa2 alShash ,318, 04/R , 2.11 f ,737,,,,,
904 Sa2 alShash ,318, 04/R , 1.60 f ,1128,,,,,
905 Sa2 alShash ,319, 1.67 f ,1086,,,,,,
906 Sa2 alShash ,319, 01/R ,3.12,23,,,,,
907 Sa2 al¬Shash ,319, 03/R , 2.81 f ,651,,,,,
908 Sa2 alShash ,319, 03/R , 0.75 f ,1177,,,,,
909 Sa2 alShash ,319, 06/R , 2.03 f ,1352,,,,,
910 Sa2 al¬Shash ,319, 09/R , 1.94 f ,1058,,,,,
911 Sa2 al¬Shash ,319, 11/R ,3.48,62,,,,,
912 Sa2 al¬Shash ,319, 11/R ,3.07,90,,,,,
913 Sa2 al¬Shash ,319, 11/R ,2.91,118,,,,,
914 Sa2 alShash ,319, 322- mule  ,5.68,186,,,,,
915 Sa2 alShash ,30120, 0.76 f ,1065,,,,,,
916 Sa2 alShash ,30820, 1.91 f ,1176,,,,,,
917 Sa2 al¬Shash ,30820, 1.42 f ,1043,,,,,,
918 Sa2 alShash ,30820, 0.91 f ,1222,,,,,,
919 Sa2 al¬Shash ,30820, 0.85 f ,1261,,,,,,
920 Sa2 alShash ,30820, 0.66 f ,951,,,,,,
921 Sa2 alShash ,31820, 1.00 f ,1346,,,,,,
922 Sa2 al¬Shash ,320, 05/R ,3.41,258,,,,,
923 Sa2 al¬Shash ,320, 06/R , 2.77 eg ,560,,,,,
924 Sa2 al¬Shash ,320, 07/R ,3.11,461,,,,,
925 Sa2 alShash ,320, 07/R , 1.85 f ,653,,,,,
926 Sa2 al¬Shash ,321, 01/R ,3.64,212,,,,,
927 Sa2 al¬Shash ,321, 01/R ,3.55,283,,,,,
928 Sa2 alShash ,321, 01/R , 1.26 f ,1315,,,,,
929 Sa2 al¬Shash ,321, 01/R , 0.76 f ,805,,,,,
930 Sa2 al¬Shash ,321, 03/R ,3.13,469,,,,,
931 Sa2 alShash ,321, 07/R , 1.41 f ,924,,,,,
932 Sa2 al¬Shash ,321, 322- mule , ,7.08,306,,,,
933 Sa2 al¬Shash ,32022, 3.29 f ,1332,,,,,,
934 Sa2 alShash ,322, 1.31 f ,1266,,,,,,
935 Sa2 al¬Shash ,322, 02/R ,2.99,396,,,,,
936 Sa2 al¬Shash ,323, 1.74 f ,681,,,,,,
937 Sa2 al¬Shash ,323, 01/R ,3.66,159,,,,,
938 Sa2 al¬Shash ,323, 04/R ,3.72,43,,,,,
939 Sa2 al¬Shash ,323, 04/R , 2.24 f ,1002,,,,,
940 Sa2 al¬Shash ,323, 04/R , 2.11 f ,1203,,,,,
941 Sa2 al¬Shash ,323, 07/R , 3.22 f ,1013,,,,,
942 Sa2 al¬Shash ,323, 08/R ,3.31,561,,,,,
943 Sa2 alShash ,323, 08/R , 2.10 f ,848,,,,,
944 Sa2 al¬Shash ,323, 09/R ,3.16,221,,,,,
945 Sa2 al¬Shash ,323, 10/R ,2.9,371,,,,,
946 Sa2 al¬Shash ,323, 12/R ,3.91,264,,,,,
947 Sa2 al¬Shash ,323, 12/R ,3.51,347,,,,,
948 Sa2 alShash ,323, 12/R , 1.37 f ,1321,,,,,
949 Sa2 alShash ,324, 1.49 fg ,1017,,,,,,
950 Sa2 al¬Shash ,324, 01/R , 1.14 cf ,907,,,,,
951 Sa2 al¬Shash ,324, 02/R ,3.52,250,,,,,
952 Sa2 al¬Shash ,324, 03/R ,4.77,103,,,,,
953 Sa2 al¬Shash ,324, 05/R ,3.21,249,,,,,
954 Sa2 al¬Shash ,324, 05/R , 2.19 f ,1054,,,,,
955 Sa2 al¬Shash ,324, 07/R , 1.52 f ,1265,,,,,
956 Sa2 al¬Shash ,324, 12/R ,4.18,360,,,,,
957 Sa2 al¬Shash ,324, 12/R , 2.57 cg ,143,,,,,
958 Sa2 al¬Shash ,324, 12/R , 2.32 f ,1026,,,,,
959 Sa2 al¬Shash ,324, 14/R ,3.45,516,,,,,
960 Sa2 alShash ,324, 14/R , 1.27 f ,1004,,,,,
961 Sa2 al¬Shash ,325, 07/R , 4.65 g ,116,,,,,
962 Sa2 al¬Shash ,325, 07/R , 2.00 f ,678,,,,,
963 Sa2 al¬Shash ,325, 08/R ,3.15,72,,,,,
964 Sa2 al¬Shash ,325, 09/R ,3.97,455,,,,,
965 Sa2 al¬Shash ,327, 2.16 f ,634,,,,,,
966 Sa2 alShash ,327, 07/R , 1.93 f ,671,,,,,
967 Sa2 al¬Shash ,327, 09/R , 2.43 f ,1093,,,,,
968 Sa2 al¬Shash ,327, 11/R ,4.03,139,,,,,
969 Sa2 alShash ,32229, 1.88 f ,1215,,,,,,
970 Sa2 alShash ,3229, 1.51 f ,925,,,,,,
971 Sa2 al¬Shash ,31831, 1.66 f ,1273,,,,,,
972 Sa2 alShash ,31831, 1.49 f ,908,,,,,,
973 Sa2 al¬Shash ,31831, 1.29 f ,816,,,,,,
974 Sa2 alShash ,31831, 1.01 f ,1057,,,,,,
975 Sa2 alShash ,331, 1.62 f ,1287,,,,,,
976 Sa2 al¬Shash ,331, 03/R , 2.82 e ,135,,,,,
977 Sa2 al¬Shash ,331, 08/R , 2.54 e ,234,,,,,
978 Sa2 al¬Shash ,331, 09/R ,2.89,26,,,,,
979 Sa2 Andaraba/Ma`din ,3109, 2.19 f ,1048,,,,,,
980 Sa2 Andaraba/Ma`din ,31020, 1.63 fg ,741,,,,,,
981 Sa2 Andaraba/Ma`din ,31020, 1.11 f ,1242,,,,,,
982 Sa2 Andaraba/Ma`din ,31020, 0.86 f ,914,,,,,,
983 Sa2 Andaraba/Farwan ,31024, 1.59 f ,672,,,,,,
984 Sa2 Andaraba/Ma`din ,31031, 0.86 f ,787,,,,,,
985 Sa2 Andaraba/Ma`din ,31031, 0.41 f ,818,,,,,,
,0,,,,,,,,
Nuh b. Nasr,0,,,,,,,,
986 Sa2 Andaraba/Ma`din ,333, 2.10 f , 0903. Obv: alMuttaqi lillah. Rev: L/M/R/A/Nuh b Nasr.,,,,,,
987 Sa2 Andaraba ,336, 3.57 e , 0094. Obv: Bandar or Bin Dâ. Rev: L/M/RA/Nuh b Nasr.,,,,,,
"988 Sa2 ""Andarâh"" ""300"" =336   ",0, 1274. Obv: Harb. Rev: alMustakfi billah/Nuh b Nasr.,,,,,,,
989 Sa2 Andaraba ,33339, 03/R04 , 1.73 fh , 0622. Obv: yarkab. Rev: alMustakfi billah/Nuh b Nasr.,,,,,
990 Sa2 Balkh ,341, 03/R03 , 1.45 f , 1162. Obv: Qatakin. Rev: alMustkfi billah/Nuh b Nasr.,,,,,
991 Sa2 Balkh ,342, 04/R01 , 1.50 f , 1338. As preceding.,,,,,
992 Sa2 Balkh ,342, 04/R01 , 1.28 f , 0715. As preceding.,,,,,
993 Sa2 Balkh ,342, 09/R01 , 1.85 f , 1376. As preceding.,,,,,
994 Sa2 Bukhara ,335, 01/R03 , 2.24 f , 0624. Obv: --. Rev: alMustakfi billah/Nuh b Nasr.,,,,,
995 Sa2 Bukhara ,335, 03/R12 , 1.75 f ,1228,,,,,
996 Sa2 Bukhara ,335, 03/Rnew , 1.62 f ,1111,,,,,
997 Sa2 Bukhara ,335, 04/R08 , 2.07 f ,947,,,,,
998 Sa2 Bukhara ,335, 09/R15 , 1.35 f ,635,,,,,
999 Sa2 Bukhara ,335, 14/R  , 1.69 f ,1232,,,,,
1000 Sa2 Bukhara ,335, 18/R18 ,3.01,501,,,,,
1001 Sa2 Bukhara ,336, 01/R02 ,3.14,330,,,,,
1002 Sa2 Bukhara ,336, 07/R13 ,4.26,472,,,,,
1003 Sa2 Bukhara ,336, 13/R03 , 2.15 f ,1116,,,,,
1004 Sa2 Bukhara ,336, 15/R01 , 1.42 f ,1045,,,,,
1005 Sa2 Bukhara ,336, 17/R06 ,3.04,171,,,,,
1006 Sa2 Bukhara ,337, 06/R03 ,2.83,342,,,,,
1007 Sa2 Bukhara ,337, 10/R04 , 4.85 g ,416,,,,,
1008 Sa2 Bukhara ,338, 04/R02 , 1.07 f ,1137,,,,,
1009 Sa2 Bukhara ,338, 06/R06 ,3.27,299,,,,,
1010 Sa2 Bukhara ,338, 06/R06 , 1.66 f ,933,,,,,
1011 Sa2 Bukhara ,338, 06/R06 , 1.19 f ,1062,,,,,
1012 Sa2 Bukhara ,338, 07/R03 ,2.88,539,,,,,
1013 Sa2 Bukhara ,338, 07/R03 , 2.12 f ,877,,,,,
1014 Sa2 Bukhara ,338, 07/R05 ,3.16,280,,,,,
1015 Sa2 Bukhara ,338, 07/R05 , 2.03 f ,825,,,,,
1016 Sa2 Bukhara ,338, 07/R05 , 1.72 f ,686,,,,,
1017 Sa2 Bukhara ,338, 07/R05 , 1.63 f ,670,,,,,
1018 Sa2 Bukhara ,338, 07/R08 , 1.08 f ,1241,,,,,
1019 Sa2 Bukhara ,339, 02/R09 , 1.05 f ,777,,,,,
1020 Sa2 Bukhara ,339, , 3.28 e , 1333. Obv outer margin: MAB alMalik alMu'ayyad Abu Muhammad Nuh b Nasr. Rev: no caliph/Nuh b Nasr.,,,,,
1021 Sa2 Bukhara ,339, 07/R03 , 2.50 e , 0214. As preceding.,,,,,
1022 Sa2 Bukhara ,340, 07/R03 ,2.68, 0524. Obv: alMalik alMu'ayyad. Margin , 30:4-5. Rev: alMustakfi billah/Nuh b Nasr.,,,,
1023 Sa2 Bukhara ,340, 07/R06 , 1.39 f , 0822. As preceding.,,,,,
1024 Sa2 Bukhara ,340, 07/R06 , 1.25 f , 1247. As preceding.,,,,,
1025 Sa2 Bukhara ,340, 07/R06 , 0.93 f , 1164. As preceding.,,,,,
1026 Sa2 Bukhara ,340, , 1.94 f , 1082. Obv: --. Margin MAB alMalik alMu'ayyad Abu Muhammad Nuh b Nasr. Rev: no caliph/Nuh b Nasr.,,,,,
1027 Sa2 Bukhara ,340, 02/R01 , 1.85 f , 1256. As preceding.,,,,,
1028 Sa2 Bukhara ,340, 02/R01 , 1.15 f , 0944. As preceding.,,,,,
1029 Sa2 Bukhara ,340, 03/R01 , 1.47 f , 1271. As preceding.,,,,,
1030 Sa2 Bukhara ,340, 03/R01 , 1.40 f , 0905. As preceding.,,,,,
1031 Sa2 Bukhara ,341, 03/R02 , 1.57 f , 0683. Obv: alMalik alMu'ayyad; , 30:4-5. Rev: alMustakfi billah/Nuh b Nasr.,,,,
1032 Sa2 Bukhara ,341, 04/R05 ,2.92, 0735. As preceding.,,,,,
1033 Sa2 Bukhara ,341, 04/R05 , 1.03 f , 1253. As preceding.,,,,,
1034 Sa2 Bukhara ,341, 04/R05 , 0.66 f , 0955. As preceding.,,,,,
1035 Sa2 Bukhara ,341, 05/R01 , 1.69 f , 0962. As preceding.,,,,,
1036 Sa2 Bukhara ,341, 05/R01 , 1.64 f , 0712. As preceding.,,,,,
1037 Sa2 Bukhara ,342, 02/R04 , 1.65 f , 1252. As preceding.,,,,,
1038 Sa2 Bukhara ,342, 03/R03 ,3.68, 0180. As preceding.,,,,,
1039 Sa2 Bukhara ,342, 06/R05 ,3.44, 0310. As prceding.,,,,,
1040 Sa2 Bukhara ,342, 06/R05 , 2.55 f , 0845. As preceding.,,,,,
1041 Sa2 Bukhara ,342, 07/R03 , 2.57 f , 0827. As prceding.,,,,,
1042 Sa2 Bukhara ,342, 09/R , 1.81 f , 0873. As preceding.,,,,,
1043 Sa2 Bukhara ,342, 10/R08 , 2.13 f , 0945. As preceding.,,,,,
1044 Sa2 Bukhara ,343, 01/R03 , 0.99 f , 0998. Obv: al¬Malik alMu'ayyad. Rev: alMustakfi billah/Nuh b Nasr.,,,,,
1045 Sa2 Jurjan ,341, , 2.27 f , 0902. Obv: --. Rev: L/MRA/alMustakfi billah/alMalik alMu'ayyad/Nuh b Nasr.,,,,,
1046 Sa2 Ma`din ,333, 1.15 f , 0864. Rev: no caliph/Nuh b Nasr.,,,,,,
1047 Sa2 Ma`din ,333, 1.13 f ,1011,,,,,,
1048 Sa2 Ma`din ,333, 09/R03 , 1.17 f ,1079,,,,,
1049 Sa2 Ma`din ,333, 10/R10 , 2.77 e , 0839. Obv: --. Rev: L/M/R/A/Nuh b Nasr.,,,,,
1050 Sa2 Samarqand ,329, 333-334 mule , 01/R02 ,2.56, 0237 Rev: alMustakfi billah sic/Nuh b Nasr sic.,,,,
1051 Sa2 Samarqand ,331, 08/R08 ,3.41, 0319. Rev: alMuttaqi lillah/ Nuh b Nasr.,,,,,
1052 Sa2 Samarqand ,331, 08/R08 ,1.97,295,,,,,
1053 Sa2 Samarqand ,331, 09/R ,3.17,431,,,,,
1054 Sa2 Samarqand ,331, 12/R ,2.95,92,,,,,
1055 Sa2 Samarqand ,332, ,3.8,497,,,,,
1056 Sa2 Samarqand ,332, , 3.24 h ,592,,,,,
1057 Sa2 Samarqand ,332, 03/R ,3.09, 2h ,584,,,,
1058 Sa2 Samarqand ,332, 03/R01 , 1.22 f ,697,,,,,
1059 Sa2 Samarqand ,332, 333- mule , 01/R08 , 3.34 h , 0596. Rev: alMustakfi billahsic/Nuh b Nasr.,,,,
1060 Sa2 Samarqand ,33133, 1.12 f ,1196,,,,,,
1061 Sa2 Samarqand ,33133, 0.88 f ,1161,,,,,,
1062 Sa2 Samarqand ,333, 02/R ,2.82, 0548. Rev: alMuttaqi lillah/Nuh b Nasr.,,,,,
1063 Sa2 Samarqand ,334, 01/R06 ,3.1, 0491. Rev: alMustakfi billah/Nuh b Nasr.,,,,,
1064 Sa2 Samarqand ,334, 05/R ,2.93, 0115. As preceding.,,,,,
1065 Sa2 Samarqand ,335, 04/R06 , 1.43 f , 0773 As preceding.,,,,,
1066 Sa2 Samarqand ,335, 05/R07 , 2.05 f , 0718 As preceding.,,,,,
1067 Sa2 Samarqand ,335, 01/R10 , 1.81 f , 0824. Rev: alMuti` lillah/Nuh b Nasr.,,,,,
1068 Sa2 Samarqand ,337, 01/R ,3.76, 0228. Rev: alMustakfi billah/Nuh b Nasr.,,,,,
1069 Sa2 Samarqand ,337, 01/R ,2.83,447,,,,,
1070 Sa2 Samarqand ,337, 05/R ,3.01,70,,,,,
1071 Sa2 Samarqand ,338, , 1.44 f ,983,,,,,
1072 Sa2 Samarqand ,338, 09/R08 , 1.83 f ,1104,,,,,
1073 Sa2 Samarqand ,338, 10/R06 , 1.76 f ,878,,,,,
1074 Sa2 Samarqand ,3339, 2.18 f ,826,,,,,,
1075 Sa2 Samarqand ,3339, 1.64 f ,1094,,,,,,
1076 Sa2 Samarqand ,33339, 1.53 fh ,828,,,,,,
1077 Sa2 Samarqand ,3339, 1.42 f ,1365,,,,,,
1078 Sa2 Samarqand ,33639, 1.80 f ,747,,,,,,
1079 Sa2 Samarqand ,339, 1.17 f ,1348,,,,,,
1080 Sa2 Samarqand ,339, 01/R ,3.75,74,,,,,
1081 Sa2 Samarqand ,339, 02/R ,3.12,279,,,,,
1082 Sa2 Samarqand ,339, 05/R , 1.70 f ,625,,,,,
1083 Sa2 Samarqand ,339, 05/R14 , 1.89 f ,823,,,,,
1084 Sa2 Samarqand ,339, 07/R14 ,3.19,148,,,,,
1085 Sa2 Samarqand ,339, 08/R ,2.78,79,,,,,
1086 Sa2 Samarqand ,339, 09/R17 ,3.58,46,,,,,
1087 Sa2 Samarqand ,339, 10/R , 2.58 f ,687,,,,,
1088 Sa2 Samarqand ,339, 12/R , 2.42 f ,1298,,,,,
1089 Sa2 Samarqand ,339, 15/R09 ,3.6,390,,,,,
1090 Sa2 Samarqand ,339, 16/R ,3.37,44,,,,,
1091 Sa2 Samarqand ,339, 17/R ,3.58,506,,,,,
1092 Sa2 Samarqand ,340, 06/R ,3.64,89,,,,,
1093 Sa2 Samarqand ,340, 06/R ,2.91, 2h ,589,,,,
1094 Sa2 Samarqand ,340, 08/R10 , 0.73 f ,1134,,,,,
1095 Sa2 Samarqand ,340, 10/R , 2.98 g ,185,,,,,
1096 Sa2 Samarqand ,340, 15/R , 3.71 g ,177,,,,,
1097 Sa2 Samarqand ,340, 16/R , 1.32 f ,637,,,,,
1098 Sa2 Samarqand ,341, 05/R , 1.16 f ,986,,,,,
1099 Sa2 Samarqand ,341, 06/R , 1.88 f ,802,,,,,
1100 Sa2 Samarqand ,341, 07/R ,3.19,170,,,,,
1101 Sa2 Samarqand ,341, 09/R10 ,3.11,398,,,,,
1102 Sa2 Samarqand ,341, 09/R12 , 0.63 f ,1077,,,,,
1103 Sa2 Samarqand ,341, 10/R , 4.03 g ,559,,,,,
1104 Sa2 Samarqand ,342, 1.09 f ,938,,,,,,
1105 Sa2 Samarqand ,342, 01/R , 2.67 f ,1238,,,,,
1106 Sa2 Samarqand ,342, 03/R01 , 1.08 f ,885,,,,,
1107 Sa2 Samarqand ,342, 04/R06 ,4.37,334,,,,,
1108 Sa2 Samarqand ,342, 09/R07 , 1.59 f ,704,,,,,
1109 Sa2 Samarqand ,342, 09/R07 , 1.14 f ,666,,,,,
1110 Sa2 Samarqand ,33143, 0.87 f ,968,,,,,,
1111 Sa2 Samarqand ,33143, 1.66 f ,958,,,,,,
1112 Sa2 Samarqand ,33143, 0.92 f ,1036,,,,,,
1113 Sa2 Samarqand ,33143, 0.82 f ,1032,,,,,,
1114 Sa2 Samarqand ,33143, 0.62 f ,1074,,,,,,
1115 Sa2 Samarqand ,33343, 2.23 f ,1047,,,,,,
1116 Sa2 Samarqand ,33343, 2.16 f ,669,,,,,,
1117 Sa2 Samarqand ,33343, 2.02 f ,992,,,,,,
1118 Sa2 Samarqand ,33343, 1.99 f ,1041,,,,,,
1119 Sa2 Samarqand ,33343, 1.89 f ,1327,,,,,,
1120 Sa2 Samarqand ,33343, 1.78 f ,1308,,,,,,
1121 Sa2 Samarqand ,33343, 1.19 f ,798,,,,,,
1122 Sa2 Samarqand ,33343, 1.11 f ,1133,,,,,,
1123 Sa2 Samarqand ,33343, 0.85 f ,854,,,,,,
1124 Sa2 Samarqand ,33343, 0.42 f ,665,,,,,,
1125 Sa2 Samarqand ,3403, 1.76 f ,1221,,,,,,
1126 Sa2 Samarqand ,3403, 1.35 f ,725,,,,,,
1127 Sa2 Samarqand ,343, 02/R05 , 1.47 f ,1068,,,,,
1128 Sa2 Samarqand ,343, 16/R09 , 1.05 f ,806,,,,,
1129 Sa2 al¬Shash ,332, 1.92 f , 0675. Rev: alMuttaqi lillah/ Nuh b Nasr.,,,,,,
1130 Sa2 al¬Shash ,332, , 1.54 f ,1088,,,,,
1131 Sa2 alShash ,332, 05/R04 , 1.47 fg ,1369,,,,,
1132 Sa2 al¬Shash ,332, 08/R , 4.09 h ,569,,,,,
1133 Sa2 al¬Shash ,332, 09/R ,3.99,296,,,,,
1134 Sa2 al¬Shash ,332, 333- mule , 02/R02 ,2.7, 0318. Rev: alMustakfi billahsic/Nuh b Nasr.,,,,
1135 Sa2 al¬Shash ,332, 333- mule , 02/R02 , 1.56 f , 0886 Rev: alMustakfi billahsic/Nuh b Nasr.,,,,
1136 Sa2 alShash ,333, 1.99 f , 0673. Rev: alMuttaqi lillah/ Nuh b Nasr.,,,,,,
1137 Sa2 al¬Shash ,333, 14/R , 1.83 f , 0774. As preceding.,,,,,
1138 Sa2 al¬Shash ,333, 03/R , 1.36 f , 0892. Rev: alMustakfi billah/Nuh b Nasr.,,,,,
1139 Sa2 al¬Shash ,333, 05/R15 , 1.53 f , 0913. As preceding.,,,,,
1140 Sa2 alShash ,333, 09/R11 , 1.13 fh , 0916. As preceding.,,,,,
1141 Sa2 al¬Shash ,334, 01/R ,3.4,458,,,,,
1142 Sa2 al¬Shash ,334, 04/R02 , 1.93 f ,646,,,,,
1143 Sa2 al¬Shash ,334, 06/R , 3.33 h ,585,,,,,
1144 Sa2 al¬Shash ,339, 02/R02 ,4.64,386,,,,,
1145 Sa2 al¬Shash ,339, 02/R02 ,3.02,1383,,,,,
1146 Sa2 al¬Shash ,340, 07/R , 3.46 f ,1204,,,,,
1147 Sa2 al¬Shash ,341, 03/R , 3.91 g ,505,,,,,
1148 Sa2 alShash ,341, 03/R11 , 3.10 f ,631,,,,,
1149 Sa2 al¬Shash ,341, 04/R , 2.28 f ,1027,,,,,
1150 Sa2 alShash ,341, 04/R14 , 2.51 f ,1355,,,,,
1151 Sa2 alShash ,341, 08/R02 , 1.03 f ,1146,,,,,
1152 Sa2 al¬Shash ,341, 13/R ,2.84,282,,,,,
1153 Sa2 al¬Shash ,341, 14/R06 ,3.08,59,,,,,
1154 Sa2 alShash ,341, 14/R06 , 1.40 fg ,900,,,,,
1155 Sa2 al¬Shash ,341, 17/R02 ,2.87,421,,,,,
1156 Sa2 al¬Shash ,341, 19/R ,4.4,154,,,,,
1157 Sa2 al¬Shash ,342, 05/R , 3.67 b ,348,,,,,
1158 Sa2 alShash ,342, 05/R13 , 0.99 f ,767,,,,,
1159 Sa2 alShash ,342, 06/R12 , 1.57 f ,1326,,,,,
1160 Sa2 al¬Shash ,342, 11/R ,2.87,78,,,,,
1161 Sa2 alShash ,342, 13/R12 , 1.91 f ,1053,,,,,
1162 Sa2 al¬Shash ,342, 16/R ,3.99,292,,,,,
1163 Sa2 alShash ,342, 16/R , 1.14 f ,895,,,,,
1164 Sa2 al¬Shash ,34043, 2.43 f ,745,,,,,,
1165 Sa2 alShash ,34043, 2.29 f ,1040,,,,,,
,0,,,,,,,,
`Abd al¬-Malik b. Nuh,0,,,,,,,,
1166 Sa2 Bukhara ,343, 0.79 f , 1243. Obv: alMalik alMu'ayyad; , 30:4-5. Rev: no caliph/`Abdalmalik b Nuh.,,,,,
1167 Sa2 Bukhara ,343, 02/R08 , 1.59 f , 1325. As preceding.,,,,,
1168 Sa2 Bukhara ,343, 05/R09 ,3.19, 0190 Obv: alMalik alMu'ayyad; , 30:4-5. Rev: no caliph/`Abdalmalik/b Nuh.,,,,
1169 Sa2 Bukhara ,343, 05/R09 , 1.20 f , 1015. As preceding.,,,,,
1170 Sa3 Bukhara ,348, 01/R , 2.66 f , 1289. Obv: --;30:4-5. Rev: alMuti` lillah/`Abdalmalik/b Nuh.,,,,,
1171 Sa3 Bukhara ,348, 04/R ,3.73, 0387 As preceding.,,,,,
1172 Sa3 Bukhara ,349, 01/R02 , 3.44 e , 0027 As preceding.,,,,,
1173 Sa3 Bukhara ,34550, 2.64 f , 0645. Rev: alMuti` lillah/`Abdalmalik/b Nuh.,,,,,,
1174 Sa2 Samarqand ,343, 03/R06 , 2.10 f , 1112. Rev: alMustakfi billah/`Abdalmalik/b Nuh.,,,,,
1175 Sa3 Samarqand ,344, 01/R05 , 2.06 f ,1301,,,,,
1176 Sa3 Samarqand ,344, 05/R08 , 1.52 f ,1328,,,,,
1177 Sa3 Samarqand ,344, 08/R08 , 2.27 e ,163,,,,,
1178 Sa3 Samarqand ,344, 10/R10 ,2.64,301,,,,,
1179 Sa3 Samarqand ,345, 01/R05 , 1.98 f ,627,,,,,
1180 Sa3 Samarqand ,347, , 0.79 f , 0813. Rev: alMuti` lillah/`Abdalmalik/b Nuh.,,,,,
1181 Sa2 al¬Shash ,343, 06/R ,2.64, 0120. Rev: alMustakfi billah/`Abdalmalik b/Nuh.,,,,,
1182 Sa2 al¬Shash ,343, 09/R , 3.50 e , 1101. As preceding.,,,,,
1183 Sa2 al¬Shash ,343, 10/R ,2.7, 0157. As preceding.,,,,,
1184 Sa3 al¬Shash ,350,961, 02/R02 ,4.51, 0198 Rev: alMustakfi billah/`Abdalmalik/b Nuh.,,,,
,0,,,,,,,,
,0,,,,,,,,
UNKNOWN EMIR and CALIPH,0,,,,,,,,
1185 Sa2 al¬Shash ,32043, 1.08 f ,717,,,,,,
1186 Sa2 alShash ,32043, 0.76 f ,781,,,,,,
1187 Sa2 mint ,32043, 1.16 f ,926,,,,,,
1188 Sa2 mint ,32043, 0.97 f ,1207,,,,,,
,0,,,,,,,,
IMITATIONS,0,,,,,,,,
Khazar issues,0,,,,,,,,
1189 ImKz2 Madinat al¬Salam ,154, ,5.16, 1n ,547,,,,
1190 ImKz2 Madinat Isbahan ,201,3.06,126,,,,,,
,0,,,,,,,,
Unknown issuer,0,,,,,,,,
1191 Im9th Madinat al¬Salam ,270, , 1.71 f ,1050,,,,,
1192 Im9th Madinat al¬Salam ,190, 02/R02 ,2.55,317,,,,,
,0,,,,,,,,
Unknown issuer in easternmost Caliphate/Northern Afghanistan,0,,,,,,,,
1193 ImAfg Samarqand ,0, 1.07 f ,742,,,,,,
1194 ImAfg Samarqand ,312, , 1.64 f ,746,,,,,
,0,,,,,,,,
Rus in Kiev,0,,,,,,,,
1195 ImRus Bird ,0, 310 S1351 Datable to ca , 950 AD ,3.63,67,,,,
,0,,,,,,,,
Unknown issuer,0,,,,,,,,
1196 Im10th NM ND K0007 ,0, 1.40 f ,620,,,,,,
1197 Im10th Samarqand ND K0061 ,0, 2.27 g ,196,,,,,,
1198 Im10th al¬Shash ,292, 02/R02 ,2.1, 2h ,574,,,,
1199 Im10th NM ND ,301, 1.63 f ,1150,,,,,,
1200 Im10th al¬Shash    ,301, 0.99 f ,1280,,,,,,
1201 Im10th mint ,324, 2.04 f ,940,,,,,,
1202 Im10th mint ,335, 1.78 c ,41,,,,,,
1203 Im10th al¬Shash ,290,2.84,466,,,,,,
1204 Im10th mint xxx ,301, 3.08 g ,536,,,,,,
1205 Im10th al¬Shash ,283, 2.83 h ,593,,,,,,
1206 Im10th NM ,296, 1.34 f ,941,,,,,,
1207 Im10th Andaraba ,301, 1.40 f ,901,,,,,,
1208 Im10th Andaraba xxx ,301, 1.06 cf ,1282,,,,,,
1209 Im10th Andaraba xxx ,301, 0.77 cf ,1279,,,,,,
1210 Im10th mint xxx ,301, 0.89 f ,989,,,,,,
1211 Im10th mint xxx ,301, 0.79 f ,880,,,,,,
1212 Im10th mint xxx ,301,3.16,543,,,,,,
,0,,,,,,,,
Unknown issuer,0,,,,,,,,
1213 ImBang mint xxx ,296, 1.12 f ,689,,,,,,
,0,,,,,,,,
Volga Bulgar issues presumably from Bulgar,0,,,,,,,,
1214 ImVbB NM ND K0001 , , 1.95 ch ,578,,,,,,
1215 ImVbB NM ND K0001 , , 0.82 f ,882,,,,,,
1216 ImVbB NM Balkh ND K0003 , , 1.04 f ,930,,,,,,
1217 ImVbB NM ND K0006 , , 1.34 f ,811,,,,,,
1218 ImVbB NM ND K0012 , , 2.01 f ,1142,,,,,,
1219 ImVbB NM ND K0021 R01/R02 ,2.93,438,,,,,,,
1220 ImVbB Samarqand ,310, 02/R02 , 1.80 f ,1202,,,,,
1221 ImVbB Samarqand ,310, 02/R02 , 0.85 f ,1151,,,,,
1222 ImVbB Balkh ,300, 01/R02 , 1.05 f ,1129,,,,,
1223 ImVbB NM ND K0052 , , 1.68 f ,1219,,,,,,
1224 ImVbB mint xxx ,301, , 1.41 f ,720,,,,,
1225 ImVbB NM ND K0052 , , 1.31 f ,789,,,,,,
1226 ImVbB Samarqand ND K0062 , , 0.84 f ,1019,,,,,,
1227 ImVbB Madinat al¬Salam ND ,290, 01/o.03 , 1.92 f ,699, 1228 ImVbB Balkh , 191 =291, 01/R02 ,2.56,17
1229 ImVbB Balkh ,291, 01/R02 , 1.16 f ,861,,,,,
1230 ImVbB NM ,315, 03/R05 , 1.70 fh ,870,,,,,
1231 ImVbB NM ,315, 04/R03 , 1.03 f ,1320,,,,,
1232 ImVbB NM ,315, 04/R03 , 0.76 f ,1182,,,,,
1233 ImVbB Samarqand ,300, 06/R03 , 2.44 cg ,397,,,,,
1234 ImVbB Samarqand ,300, 06/R03 , 1.40 f ,883,,,,,
1235 ImVbB al¬Shash ,8, 12/R10 , 0.95 f ,909,,,,,
1236 ImVbB al¬Shash ,8, 13/R08 ,2.79,464,,,,,
1237 ImVbB al¬Shash ,8, 13/R08 , 1.61 f ,679,,,,,
1238 ImVbB al¬Shash ,8, 13/R09 ,3.31,219,,,,,
1239 ImVbB al¬Shash ,8, 13/R09 , 1.57 f ,692,,,,,
1240 ImVbB Madinat al¬Salam ,0, 21/R38 , 2.79 h nh ,576, 1241 ImVbB Bilar ,1, 22/R09 , 1.06 fh ,1070
1242 ImVbB Samarqand ,299, 23/R02 , 1.39 f ,812,,,,,
1243 ImVbB NM ,8, 25/R51 , 2.20 c ,557,,,,,
1244 ImVbB NM ,8, 25/R51 , 1.18 f ,749,,,,,
1245 ImVbB Banjhir ,320, 29/R16 , 1.33 f ,1089,,,,,
1246 ImVbB NM ND,0, 1.55 f ,770,,,,,,
1247 ImVbB Samarqand ND,0,2.68,227,,,,,,
1248 ImVbB Samarqand ND,0, 1.74 f ,1169,,,,,,
1249 ImVbB Naysabur ,8, 53/R34 , 1.10 f ,1190,,,,,
1250 ImVbB Samarqand ,6, 55/R34 , 1.10 f , 2h ,1310,,,,
1251 ImVbB al¬Shash ,308, 60/R40 ,2.83,542,,,,,
1252 ImVbB al¬Shash ,308, 60/R40 , 1.39 f ,1371,,,,,
1253 ImVbB Samarqand ,302, 62/R40 , 1.29 f ,779,,,,,
1254 ImVbB al¬Shash ,290, 66/R41 ,3.47,68,,,,,
1255 ImVbB NM ,302,305, 316} S0006  , 1.84 f ,939,,,,
1256 ImVbB al¬Shash ,310, 1.92 f ,919,,,,,,
1257 ImVbB NM ND S0022  ,0,1000,,,,,,,
1258 ImVbB NM ND S0027  ,0,1081,,,,,,,
1259 ImVbB Samarqand ,306, 0.97 f ,1239,,,,,,
1260 ImVbB Madinat al¬Salam ,297, 1.63 f ,641,,,,,,
1261 ImVbB Mid ,301, 1.82 f ,643,,,,,,
1262 ImVbB Samarqand ,303,2.47,204,,,,,,
1263 ImVbB mint xxx ,0, 0.57 f ,949,,,,,,
1264 ImVbB mint xxx ,0, 1.25 f ,830,,,,,,
1265 ImVbB mint xxx ,0, 1.03 f ,862,,,,,,
1266 ImVbB mint xxx ,0, 1.19 f ,943,,,,,,
1267 ImVbB mint xxx unsp  ,0,1270,,,,,,,
1268 ImVbB al¬Shash ,8, 58/R37 , 1.73 f , 1269. Rev: alMuqtadir billah/alAmir Yaltawar.,,,,,
1269 ImVbB Naysabur/alShash ,0, ,3.18, 0271. Rev: alMuqtadir billah/Mikaila.,,,,,
1270 ImVbB Naysabur/alShash ,0, , 1.95 f ,650,,,,,
1271 ImVbB Naysabur/alShash ,0, , 1.25 f ,1309,,,,,
1272 ImVbB Naysabur/alShash ,0, , 1.21 f ,1349,,,,,
1273 ImVbB Naysabur/alShash ,0, , 0.75 f ,721,,,,,
1274 ImVbB Naysabur ND K0004 ,0, 1.99 f ,701,,,,,,
1275 ImVbB Naysabur ND K0004 ,0, 1.71 f ,1099,,,,,,
1276 ImVbB Naysabur ND K0004 ,0, 1.42 f ,629,,,,,,
1277 ImVbB Naysabur ND K0004 ,0, 0.72 f ,1181,,,,,,
1278 ImVbB Naysabur ND K0004 ,0, 0.56 f ,1130,,,,,,
1279 ImVbB Naysabur ND K0004 ,0, 0.52 f ,1141,,,,,,
1280 ImVbB al¬Shash ,8, 12/R11 ,3.28, 1387. Rev: alMuqtadir billah/Mikal b Ja`far.,,,,,
1281 ImVbB Naysabur ,8, 16/R12 , 2.92 g ,478,,,,,
1282 ImVbB Madinat Bulghar ND,0, 2.28 f ,642,,,,,,
1283 ImVbB Madinat Bulghar ND,0, 1.72 f ,1049,,,,,,
1284 ImVbB Madinat Bulghar ND,0, 1.14 f ,751,,,,,,
1285 ImVbB NM ND/NM NDR13/R45 ,0, 0630. Rev: alMuqtadir bilah/Mikail b Ja`far.,,,,,,,
1286 ImVbB NM ND/NM NDR13/R45 ,0,829,,,,,,,
1287 ImVbB NM ND/NM NDR13/R45 ,0,942,,,,,,,
1288 ImVbB NM ND/NM NDR13/R45 ,0,47,,,,,,,
1289 ImVbB NM ND/NM NDR13/R45 ,0,1292,,,,,,,
1290 ImVbB NM ND/NM NDR13/R45 ,0,820,,,,,,,
1291 ImVbB NM ND/NM NDR13/R45 ,0,740,,,,,,,
1292 ImVbB NM ND/NM NDR13/R45 ,0,1210,,,,,,,
1293 ImVbB NM ND/NM NDR13/R45 ,0,831,,,,,,,
1294 ImVbB NM ND/NM NDR13/R45 ,0,1370,,,,,,,
1295 ImVbB NM ND/NM NDR13/R45 ,0,1029,,,,,,,
1296 ImVbB NM ND/NM NDR13/R45 ,0,1069,,,,,,,
1297 ImVbB NM ND/NM NDR13/R45 ,0,1299,,,,,,,
,0,,,,,,,,
Volga Bulgar issues presumably from Suwar,0,,,,,,,,
1298 ImVbS Samarqand ,304, 01/R02 , 2.02 f ,1240,,,,,
1299 ImVbS NM ND Naysabur ,320, ,3.13,487,,,,,
1300 ImVbS NM ND Naysabur ,320, , 0.61 f ,1318,,,,,
"1301 ImVbS NM ND Andaraba ""300"" K0011 ",0, 1.74 f ,1291,,,,,,
"1302 ImVbS NM ND Andaraba ""300"" K0011 ",0, 1.14 f ,1020,,,,,,
"1303 ImVbS NM ND Andaraba ""300"" K0011 ",0, 0.89 f ,1180,,,,,,
1304 ImVbS Naysabur ,301, , 1.37 f ,809,,,,,
1305 ImVbS Naysabur ,301, , 0.59 f ,999,,,,,
1306 ImVbS Andaraba ND K0013 ,0,3.31,57,,,,,,
1307 ImVbS NM ND K0015 ,0,3.39,499,,,,,,
1308 ImVbS Suwar ,0, , 3.25 g ,541,,,,,
1309 ImVbS Suwar ,297, ,3.22,409,,,,,
1310 ImVbS alShash ,0, 03/R01 , 1.62 f ,676,,,,,
1311 ImVbS al¬Shash ,317, 05/R01 ,2.84,272,,,,,
1312 ImVbS al¬Shash ,308, 04/R03 , 1.09 c ,267,,,,,
1313 ImVbS al¬Shash ,308, 04/R04 ,2.69,488,,,,,
1314 ImVbS NM ND Andaraba ,0,3.87,408,,,,,,
1315 ImVbS NM ND Andaraba ,0, 2.30 f ,1290,,,,,,
1316 ImVbS NM ND Andaraba ,0, 1.56 f ,660,,,,,,
1317 ImVbS NM ND Andaraba ,0, 0.64 f ,801,,,,,,
1318 ImVbS Andaraba ,300, ,3.95,518,,,,,
1319 ImVbS al¬Shash ,290, , 1.73 f ,1080,,,,,
1320 ImVbS al¬Shash ,290, , 1.22 f ,1149,,,,,
1321 ImVbS Samarqand ,305, ,3.67,531,,,,,
1322 ImVbS al¬Shash ,283, 02/R02 , 1.33 fh ,1119,,,,,
1323 ImVbS al¬Shash ,308, ,2.58,270,,,,,
1324 ImVbS al¬Shash ,308, , 2.22 f ,1249,,,,,
1325 ImVbS al¬Shash ,308, , 2.11 f ,832,,,,,
1326 ImVbS al¬Shash ,308, , 1.70 f ,722,,,,,
1327 ImVbS Balkh ,296, 02/R02 ,2.41,281,,,,,
1328 ImVbS Samarqand ND K0054 , , 1.03 f ,1281,,,,,,
1329 ImVbS NM ND K0054 R01/R02 ,0,1331,,,,,,,
1330 ImVbS NM ND K0098 ,0, 0.81 f ,1260,,,,,,
1331 ImVbS NM ND K0098 ,0, 2.97 h ,527,,,,,,
1332 ImVbS Samarqand ,327, 02/R01 ,3.38,77,,,,,
1333 ImVbS Samarqand ND S0007  ,3.82,106,,,,,,,
1334 ImVbS Samarqand ND S0007  ,0,619,,,,,,,
1335 ImVbS NM ND S0013  ,0,980,,,,,,,
1336 ImVbS Samarqand ,309, 2.09 f ,969,,,,,,
1337 ImVbS mint date ,301, 1.46 f ,1009,,,,,,
1338 ImVbS al¬Shash ,288, 308 S0096  , 1.40 f ,931,,,,,
1339 ImVbS al¬Shash ND S0097  ,0,680,,,,,,,
1340 ImVbS Samarqand ,280, 2.13 f ,1350,,,,,,
1341 ImVbS Samarqand ,280, 1.25 f ,1341,,,,,,
1342 ImVbS Naysabur ,296, 0.83 f ,950,,,,,,
1343 ImVbS mint date ,301,3.65,504,,,,,,
1344 ImVbS mint xxx alShash ,308, 1.83 f ,840,,,,,,
1345 ImVbS Samarqand ,304, 1.17 f ,719,,,,,,
1346 ImVbS Samarqand ,304, 0.84 f ,700,,,,,,
1347 ImVbS Shash al- omitted ,323,3.84,1384,,,,,,
1348 ImVbS al¬Shash ,310,2.88,107,,,,,,
1349 ImVbS Bukhara ,335,2.27,530,,,,,,
1350 ImVbS Samarqand ,310, 323 S1382  , 3.06 f ,972,,,,,
,0,,,,,,,,
OFFICIAL VOLGA BULGAR ISSUES,0,,,,,,,,
`Abdallah b. Mika,0,,,,,,,,
1351 VbB Bulghar ,346, , 1.84 f , 1220. Rev: al¬Mustakfi billah/`Abdalmalik b Mika.,,,,,
,0,,,,,,,,
Talib b. Ahmad,0,,,,,,,,
1352 VbS Suwar ,338,3.65, 0087. Rev: alMustakfi billah/ Talib b Ahmad.,,,,,,
1353 VbS Suwar ,338, 2.03 c ,254,,,,,,
1354 VbS Suwar ,338, 1.89 f ,1351,,,,,,
1355 VbS Suwar ,338, 1.88 f ,1361,,,,,,
1356 VbS Suwar ,338, 1.67 f ,1010,,,,,,
1357 VbS Suwar ,338, 1.61 f ,819,,,,,,
1358 VbS Suwar ,338, 1.44 f ,1152,,,,,,
1359 VbS Suwar ,338, 0.89 f ,1201,,,,,,
1360 VbS Suwar ,0, 341 S0781  , 1.77 f , 1330. Rev: alMustakfi billah/Talib b Ahmad.,,,,,
1361 VbS Suwar ,0, 341 S0781  , 1.05 f ,1319,,,,,
,0,,,,,,,,
`Abdallah b Tegin,0,,,,,,,,
1362 VbS Suwar ,0, 3.65 e , 1109. Rev: L/M/`Abdallah/b Takin.,,,,,,
1363 VbS Suwar ,0, 2.56 f ,649,,,,,,
,0,,,,,,,,
UNKNOWN DYNASTY,0,,,,,,,,
1364 dyn dynastymint301-331   ,0,780,,,,,,,
1365 dyn dynasty weakly str. ,32050,3.23,611,,,,,,
1366 dyn dynasty weakly str. ,32050,2.86,614,,,,,,
1367 dyn dynasty weakly str. ,32050, 1.04 f ,1139,,,,,,
1368 dyn dynasty weakly str. ,32050, 0.98 f ,617,,,,,,
1369 dyn dynasty weakly str. ,32050, 0.96 f ,615,,,,,,
1370 dyn dynasty weakly str. ,32050, 0.88 f ,1159,,,,,,
,0,,,,,,,,
UNSTRUCK FLANS,0,,,,,,,,
1371 blank1 unstruck flan datable ,25979,2.49,14,,,,,,
1372 blank2 unstruck flan datable ,330, 3.44 fg ,1051,,,,,,
1373 blank2 unstruck flan datable ,330,2.39,612,,,,,,
1374 blank2 unstruck flan datable ,330, 1.85 f ,833,,,,,,
1375 blank2 unstruck flan datable ,330, 1.79 f ,769,,,,,,
1376 blank2 unstruck flan datable ,330, 1.69 f ,618,,,,,,
1377 blank2 unstruck flan datable ,330, 1.11 f ,739,,,,,,
BYZANTINE EMPIRE,0,,,,,,,,
1378 By Konstantinopel ,94559,2.78,15,,,,,,
